Date,Open,High,Low,Close,Adj Close,Volume
2015-01-02,398000,408000,398000,405500,405500,17077
2015-01-05,400000,405000,395500,397500,397500,29267
2015-01-06,398000,400500,395000,397500,397500,31731
2015-01-07,397000,412500,397000,408000,408000,55284
2015-01-08,403500,415000,403500,415000,415000,30156
2015-01-09,420000,422500,416000,420000,420000,30108
2015-01-12,415500,427500,415500,426500,426500,44269
2015-01-13,426500,438500,423000,432000,432000,72722
2015-01-14,428000,434000,423500,424500,424500,44964
2015-01-15,420500,428000,418000,423000,423000,35053
2015-01-16,431000,441000,420500,427000,427000,100694
2015-01-19,434000,439500,430000,436500,436500,38957
2015-01-20,434000,439000,429500,429500,429500,24442
2015-01-21,438000,440000,432000,437500,437500,52257
2015-01-22,449000,449000,440000,446500,446500,52474
2015-01-23,449000,450000,436000,442500,442500,44410
2015-01-26,438000,442500,434500,441000,441000,29025
2015-01-27,438500,443500,434000,438000,438000,46692
2015-01-28,438000,443500,434500,437000,437000,38062
2015-01-29,437000,438000,431500,432000,432000,29017
2015-01-30,429500,433500,426000,429500,429500,52784
2015-02-02,427000,436000,427000,436000,436000,54100
2015-02-03,433000,435500,427000,431000,431000,38154
2015-02-04,431000,433500,422500,425000,425000,58158
2015-02-05,422500,425000,416000,422500,422500,42339
2015-02-06,418500,424000,418000,419500,419500,25264
2015-02-09,412000,418500,410000,414500,414500,27605
2015-02-10,408500,416000,404000,405500,405500,55737
2015-02-11,408000,412000,398000,410000,410000,68790
2015-02-12,404000,413500,401500,409000,409000,43073
2015-02-13,409000,413000,408500,412000,412000,17265
2015-02-16,410000,416500,407000,408000,408000,19787
2015-02-17,410000,413000,407000,411500,411500,18917
2015-02-23,406500,415000,403500,415000,415000,26178
2015-02-24,410000,416000,407500,407500,407500,32153
2015-02-25,408000,417500,408000,415500,415500,26368
2015-02-26,413000,416000,409000,415000,415000,27340
2015-02-27,411500,416500,409500,409500,409500,44003
2015-03-02,409500,415500,407500,411500,411500,26140
2015-03-03,407000,411500,398000,403500,403500,62088
2015-03-04,404500,406500,399000,404000,404000,33799
2015-03-05,400000,405000,400000,403000,403000,21128
2015-03-06,400500,405000,398500,400000,400000,38859
2015-03-09,397500,399000,394000,395000,395000,36650
2015-03-10,395500,402000,395500,397000,397000,35455
2015-03-11,393000,393000,386500,389000,389000,74216
2015-03-12,389000,390000,380000,382000,382000,60971
2015-03-13,384500,401000,384000,401000,401000,55564
2015-03-16,402000,404000,396500,400000,400000,23306
2015-03-17,404000,419500,401500,419000,419000,71068
2015-03-18,421000,421000,410500,417000,417000,27193
2015-03-19,426500,431000,417500,419000,419000,62870
2015-03-20,420000,423500,415000,421000,421000,39744
2015-03-23,426500,429500,414500,420500,420500,31603
2015-03-24,419000,430000,416500,426500,426500,55142
2015-03-25,427500,431000,426500,428000,428000,27288
2015-03-26,431500,432500,423500,430000,430000,27578
2015-03-27,429500,433500,424000,432000,432000,29697
2015-03-30,435000,435000,425000,429500,429500,18519
2015-03-31,426500,429500,420000,424000,424000,21009
2015-04-01,428500,430500,421000,426500,426500,32341
2015-04-02,426500,432500,424000,430500,430500,26876
2015-04-03,431000,435500,427500,435000,435000,21090
2015-04-06,431000,437500,430000,434000,434000,24570
2015-04-07,434500,439500,434000,434500,434500,34510
2015-04-08,429000,443500,428500,442000,442000,30984
2015-04-09,439000,446000,439000,445500,445500,37197
2015-04-10,441500,446000,438500,439000,439000,33012
2015-04-13,438000,444500,438000,443500,443500,45221
2015-04-14,440000,446500,438000,446000,446000,27680
2015-04-15,440000,453000,440000,445500,445500,33174
2015-04-16,445500,455000,439000,449500,449500,35366
2015-04-17,446000,456000,446000,454000,454000,36036
2015-04-20,455000,465000,450500,462500,462500,40561
2015-04-21,462500,464500,452500,459500,459500,31022
2015-04-22,460000,463500,449000,461000,461000,48188
2015-04-23,463000,494000,457000,487500,487500,84088
2015-04-24,488500,492000,480000,484500,484500,43212
2015-04-27,481500,487000,476000,481000,481000,37156
2015-04-28,485500,492500,482000,488000,488000,57758
2015-04-29,495000,495000,480000,486000,486000,34238
2015-04-30,483000,484000,471000,477500,477500,51703
2015-05-04,479500,492500,468000,490000,490000,38573
2015-05-06,492000,501000,482000,491500,491500,57165
2015-05-07,492000,492000,475000,485500,485500,45646
2015-05-08,484000,489000,477000,486500,486500,26496
2015-05-11,488500,490000,480500,486500,486500,22369
2015-05-12,482000,485000,478000,481500,481500,21579
2015-05-13,481500,499000,481000,497000,497000,31269
2015-05-14,497000,510000,492000,500000,500000,47337
2015-05-15,502000,520000,496000,496500,496500,25939
2015-05-18,493000,503000,490500,500000,500000,25130
2015-05-19,496000,503000,494000,499500,499500,23465
2015-05-20,494500,502000,492000,499500,499500,26335
2015-05-21,497500,507000,497000,499500,499500,19954
2015-05-22,500000,516000,500000,511000,511000,26029
2015-05-26,504000,515000,497000,508000,508000,40209
2015-05-27,497000,508000,490000,493000,493000,52608
2015-05-28,487500,498000,485000,493000,493000,40921
2015-05-29,485500,508000,485500,502000,502000,49022
2015-06-01,506000,508000,490500,499500,499500,29208
2015-06-02,496000,508000,496000,498000,498000,31702
2015-06-03,504000,513000,501000,507000,507000,27854
2015-06-04,502000,509000,501000,508000,508000,22441
2015-06-05,502000,508000,495500,496000,496000,34460
2015-06-08,491000,506000,487500,500000,500000,34232
2015-06-09,509000,517000,501000,511000,511000,41732
2015-06-10,512000,519000,504000,516000,516000,35770
2015-06-11,512000,516000,499500,507000,507000,48211
2015-06-12,514000,516000,503000,511000,511000,33574
2015-06-15,511000,522000,508000,517000,517000,34377
2015-06-16,513000,535000,513000,532000,532000,66090
2015-06-17,530000,530000,518000,520000,520000,40058
2015-06-18,522000,529000,519000,526000,526000,20374
2015-06-19,534000,534000,523000,525000,525000,21504
2015-06-22,523000,539000,523000,537000,537000,26626
2015-06-23,535000,542000,531000,531000,531000,21609
2015-06-24,531000,535000,521000,527000,527000,38432
2015-06-25,527000,540000,523000,537000,537000,44166
2015-06-26,532000,547000,532000,542000,542000,28729
2015-06-29,537000,544000,534000,535000,535000,22934
2015-06-30,535000,550000,535000,545000,545000,37224
2015-07-01,542000,549000,540000,547000,547000,35897
2015-07-02,544000,560000,544000,560000,560000,31201
2015-07-03,557000,558000,529000,533000,533000,70689
2015-07-06,531000,543000,523000,527000,527000,36106
2015-07-07,530000,535000,508000,525000,525000,41463
2015-07-08,524000,524000,495500,508000,508000,111470
2015-07-09,500000,520000,497500,520000,520000,55435
2015-07-10,515000,518000,502000,510000,510000,55623
2015-07-13,503000,518000,503000,516000,516000,16395
2015-07-14,510000,517000,506000,513000,513000,51306
2015-07-15,517000,530000,511000,519000,519000,32871
2015-07-16,517000,524000,512000,519000,519000,15985
2015-07-17,515000,523000,511000,520000,520000,26155
2015-07-20,516000,517000,495500,500000,500000,66217
2015-07-21,497000,509000,493500,507000,507000,46133
2015-07-22,500000,510000,497500,510000,510000,38471
2015-07-23,506000,508000,480000,490500,490500,110336
2015-07-24,487500,505000,483500,504000,504000,48664
2015-07-27,495500,498500,484500,490000,490000,56215
2015-07-28,490000,492000,474000,488000,488000,54637
2015-07-29,492500,498000,483500,494000,494000,29293
2015-07-30,495000,500000,484000,490000,490000,33697
2015-07-31,490000,492000,476000,492000,492000,43529
2015-08-03,492000,492000,478500,479000,479000,33129
2015-08-04,482500,485500,471000,485500,485500,44713
2015-08-05,480000,491500,478500,478500,478500,40549
2015-08-06,478000,484000,474500,474500,474500,56554
2015-08-07,475000,479000,467000,468500,468500,42623
2015-08-10,468500,474500,459000,470500,470500,29843
2015-08-11,475000,495500,475000,478500,478500,69122
2015-08-12,484500,492000,471000,478500,478500,57274
2015-08-13,479500,497500,478000,493500,493500,47164
2015-08-17,500000,501000,491500,494000,494000,26363
2015-08-18,498500,499500,485500,485500,485500,26072
2015-08-19,483500,490000,470500,490000,490000,31429
2015-08-20,494000,496000,479000,490500,490500,27885
2015-08-21,497000,497000,471500,483000,483000,50559
2015-08-24,485000,486500,465500,479000,479000,35313
2015-08-25,477500,487500,463000,479000,479000,43087
2015-08-26,478000,490000,472500,487000,487000,36686
2015-08-27,480000,486500,477000,483500,483500,39945
2015-08-28,484000,513000,484000,507000,507000,54102
2015-08-31,507000,513000,503000,513000,513000,47754
2015-09-01,503000,513000,502000,511000,511000,28089
2015-09-02,509000,510000,493500,493500,493500,25484
2015-09-03,494000,499000,487500,496500,496500,30884
2015-09-04,490000,495000,480000,485500,485500,29054
2015-09-07,483500,484000,468500,470000,470000,29491
2015-09-08,468000,479000,465000,476000,476000,30451
2015-09-09,474000,502000,474000,496500,496500,27285
2015-09-10,494000,514000,487000,514000,514000,35569
2015-09-11,501000,520000,489000,510000,510000,73260
2015-09-14,506000,508000,491000,492500,492500,26894
2015-09-15,496500,503000,487000,497500,497500,39993
2015-09-16,497500,510000,497500,503000,503000,32702
2015-09-17,508000,508000,500000,505000,505000,20499
2015-09-18,510000,510000,498500,502000,502000,35549
2015-09-21,501000,505000,489000,489000,489000,34435
2015-09-22,489500,491500,486500,489500,489500,31272
2015-09-23,481000,487000,472500,473000,473000,54978
2015-09-24,473500,479000,473000,477500,477500,28826
2015-09-25,478500,480000,471500,476000,476000,27428
2015-09-30,466000,467500,452000,465500,465500,94075
2015-10-01,460000,484500,458500,479000,479000,50735
2015-10-02,487000,487000,461500,467000,467000,69497
2015-10-05,472000,478500,470500,471500,471500,37101
2015-10-06,476000,483500,476000,481500,481500,29492
2015-10-07,481500,498500,480500,495000,495000,44750
2015-10-08,501000,516000,496500,508000,508000,70595
2015-10-12,548000,570000,523000,536000,536000,161479
2015-10-13,540000,541000,519000,524000,524000,44521
2015-10-14,532000,540000,517000,520000,520000,45581
2015-10-15,523000,533000,516000,530000,530000,45392
2015-10-16,532000,533000,518000,520000,520000,21065
2015-10-19,521000,528000,513000,519000,519000,31413
2015-10-20,510000,514000,496500,507000,507000,74421
2015-10-21,508000,511000,498500,499000,499000,51098
2015-10-22,499000,502000,486000,492000,492000,53521
2015-10-23,500000,507000,494000,494000,494000,42677
2015-10-26,498000,498500,489000,491500,491500,21074
2015-10-27,488000,491500,479500,484500,484500,40380
2015-10-28,485000,489500,482000,489500,489500,20973
2015-10-29,489500,489500,476500,481500,481500,43748
2015-10-30,478000,481500,474000,474000,474000,32427
2015-11-02,474000,479000,470000,476500,476500,33114
2015-11-03,475000,486500,470000,482500,482500,48517
2015-11-04,483000,485000,477000,481000,481000,19921
2015-11-05,477500,481000,473000,476000,476000,21541
2015-11-06,478000,479000,474500,475000,475000,14136
2015-11-09,479000,479000,459000,461500,461500,51943
2015-11-10,458500,461000,452500,452500,452500,39082
2015-11-11,452000,466500,441000,466500,466500,72301
2015-11-12,461000,464500,450000,450000,450000,45760
2015-11-13,446000,451000,440500,446000,446000,28945
2015-11-16,434500,448500,434000,445000,445000,53444
2015-11-17,452500,452500,442000,448500,448500,32386
2015-11-18,448000,453000,442000,449000,449000,34776
2015-11-19,452000,454500,447000,453500,453500,26931
2015-11-20,455500,456500,448500,450000,450000,22700
2015-11-23,447000,462000,447000,461000,461000,43690
2015-11-24,460000,463000,455000,457000,457000,28671
2015-11-25,459500,469000,455500,457000,457000,43108
2015-11-26,456000,458500,453000,457000,457000,36763
2015-11-27,459000,461500,453000,458500,458500,28687
2015-11-30,452000,460000,450000,455000,455000,47016
2015-12-01,468000,477000,461000,469500,469500,51939
2015-12-02,465500,470000,462500,467500,467500,19476
2015-12-03,461000,468000,456000,466000,466000,23733
2015-12-04,460000,463500,458000,460000,460000,15462
2015-12-07,469000,469500,460500,463500,463500,23369
2015-12-08,458500,463500,445000,451000,451000,50647
2015-12-09,455000,455000,446000,449500,449500,36934
2015-12-10,447000,450500,438500,449000,449000,47664
2015-12-11,448000,453500,443500,451500,451500,27927
2015-12-14,447000,448000,436000,436500,436500,31967
2015-12-15,438000,448000,435000,447000,447000,24227
2015-12-16,449500,468500,449000,461000,461000,55065
2015-12-17,470000,480000,466500,475500,475500,47533
2015-12-18,467000,473000,462500,473000,473000,54123
2015-12-21,472500,473000,466000,469500,469500,16277
2015-12-22,467000,477500,467000,476500,476500,29130
2015-12-23,476500,484500,471500,478500,478500,35848
2015-12-24,482000,484500,476000,477500,477500,27134
2015-12-28,476500,477000,466000,467500,467500,18031
2015-12-29,466000,469000,458500,466000,466000,26820
2015-12-30,466500,472000,461000,469000,469000,27700
2016-01-04,463000,466000,457000,457000,457000,24580
2016-01-05,459500,462000,452000,456000,456000,22466
2016-01-06,456000,458500,451000,457000,457000,33558
2016-01-07,457500,464000,450500,455000,455000,31736
2016-01-08,457000,474500,450000,474500,474500,41935
2016-01-11,466500,469000,454500,456000,456000,26993
2016-01-12,462000,462000,450000,451000,451000,22231
2016-01-13,452000,453500,445000,446500,446500,39679
2016-01-14,443000,446000,428500,439500,439500,52594
2016-01-15,446000,446000,435000,440000,440000,23685
2016-01-18,440500,442500,432000,439500,439500,25795
2016-01-19,433000,434000,417000,430000,430000,59714
2016-01-20,427000,429000,406000,416500,416500,72238
2016-01-21,422500,422500,406500,409000,409000,44202
2016-01-22,418000,423000,411000,419000,419000,31787
2016-01-25,418500,436000,416500,427500,427500,41055
2016-01-26,425000,429000,412000,422000,422000,30300
2016-01-27,425000,443000,424000,434500,434500,68798
2016-01-28,430500,439000,425500,435000,435000,40469
2016-01-29,430000,437000,423000,436000,436000,43906
2016-02-01,430500,434500,422000,424000,424000,38617
2016-02-02,423500,427000,421500,423000,423000,38408
2016-02-03,415500,430000,409000,425500,425500,62250
2016-02-04,431000,456000,427000,456000,456000,137877
2016-02-05,457000,458500,443000,451500,451500,49264
2016-02-11,452500,462000,448000,448000,448000,83523
2016-02-12,443500,452000,439000,448000,448000,95980
2016-02-15,449000,454000,439000,451000,451000,39909
2016-02-16,448000,455000,448000,450000,450000,47801
2016-02-17,443000,451500,440500,441000,441000,35756
2016-02-18,449000,458000,441000,457500,457500,59184
2016-02-19,458000,461500,452000,459500,459500,42886
2016-02-22,459500,465000,457000,460500,460500,36457
2016-02-23,467500,468000,458500,461000,461000,48601
2016-02-24,459000,463500,455500,457500,457500,25726
2016-02-25,460500,462500,451000,458000,458000,38682
2016-02-26,460000,463000,449000,454000,454000,33439
2016-02-29,454500,458500,446500,446500,446500,37581
2016-03-02,456000,463000,451000,456000,456000,59764
2016-03-03,456000,459000,450500,453500,453500,32321
2016-03-04,457500,461000,449000,459500,459500,52732
2016-03-07,464000,468000,461500,466000,466000,95158
2016-03-08,468500,472000,461500,471500,471500,74855
2016-03-09,473000,480500,472000,480500,480500,96254
2016-03-10,480000,487000,475000,484000,484000,66480
2016-03-11,488500,489000,478000,486000,486000,46134
2016-03-14,481500,485000,471500,475500,475500,47553
2016-03-15,478000,487000,477000,485000,485000,42374
2016-03-16,485500,487000,477500,485000,485000,28824
2016-03-17,489500,497000,485000,486500,486500,43073
2016-03-18,487000,503000,487000,490000,490000,65725
2016-03-21,499000,503000,485000,494500,494500,59585
2016-03-22,502000,502000,482500,492000,492000,42162
2016-03-23,493000,501000,491000,494500,494500,42602
2016-03-24,494000,494000,477000,486000,486000,63100
2016-03-25,485000,489000,480000,482000,482000,30339
2016-03-28,485000,486000,481500,485000,485000,23918
2016-03-29,485000,490000,478000,487000,487000,40169
2016-03-30,489500,493000,486000,490000,490000,42351
2016-03-31,495500,495500,476500,481500,481500,56106
2016-04-01,477000,480500,470000,473500,473500,62517
2016-04-04,466000,473500,466000,471500,471500,41081
2016-04-05,465000,476500,465000,471500,471500,25724
2016-04-06,470500,477000,467500,474500,474500,33692
2016-04-07,474500,477500,470000,474000,474000,24700
2016-04-08,470000,473000,466500,472000,472000,37844
2016-04-11,471000,486000,471000,479500,479500,32140
2016-04-12,489000,491500,483000,490000,490000,38121
2016-04-14,501000,507000,497500,502000,502000,84056
2016-04-15,500000,500000,490000,499500,499500,41094
2016-04-18,491000,499500,491000,497500,497500,37309
2016-04-19,502000,504000,495500,503000,503000,31902
2016-04-20,509000,510000,503000,506000,506000,45513
2016-04-21,510000,510000,502000,506000,506000,29897
2016-04-22,499500,504000,496500,501000,501000,26599
2016-04-25,492000,506000,491000,499000,499000,29399
2016-04-26,500000,501000,491000,494000,494000,29521
2016-04-27,491500,494500,489000,494500,494500,18976
2016-04-28,495500,502000,492500,493500,493500,43004
2016-04-29,493500,497000,488000,495500,495500,26858
2016-05-02,499000,501000,494000,497000,497000,25053
2016-05-03,497500,499000,489500,496000,496000,26760
2016-05-04,489000,493000,481000,484500,484500,45412
2016-05-09,488500,505000,487500,505000,505000,53340
2016-05-10,499000,499000,471000,488500,488500,77371
2016-05-11,489000,490000,480000,480000,480000,28199
2016-05-12,479000,491500,478000,487500,487500,17687
2016-05-13,487500,491000,482500,483500,483500,20992
2016-05-16,480500,486500,480000,485000,485000,23792
2016-05-17,485000,498000,483000,496500,496500,61587
2016-05-18,496500,496500,485500,489500,489500,37529
2016-05-19,485500,489500,474000,477000,477000,53018
2016-05-20,477000,484000,470000,472500,472500,32769
2016-05-23,473500,481000,472000,480500,480500,21195
2016-05-24,477000,481500,473000,475000,475000,20467
2016-05-25,476000,480000,473500,477000,477000,18169
2016-05-26,478000,481500,470500,473500,473500,20929
2016-05-27,468500,483500,468500,480500,480500,20127
2016-05-30,476000,476500,467500,473000,473000,26877
2016-05-31,471500,477000,469500,469500,469500,47961
2016-06-01,469500,478000,467000,473500,473500,28042
2016-06-02,472500,478000,470000,477500,477500,23357
2016-06-03,479000,482500,469000,477500,477500,35210
2016-06-07,488000,499500,486000,494000,494000,72203
2016-06-08,492500,497500,490500,494000,494000,44932
2016-06-09,499500,509000,496500,497000,497000,69506
2016-06-10,497000,503000,490500,492000,492000,33686
2016-06-13,496500,496500,487000,493500,493500,30805
2016-06-14,493500,494500,485500,491000,491000,30434
2016-06-15,487000,489500,478000,486000,486000,30346
2016-06-16,486500,494000,484000,487000,487000,20856
2016-06-17,491500,497500,485500,488000,488000,18300
2016-06-20,496500,501000,489500,499500,499500,22740
2016-06-21,501000,501000,492500,494000,494000,43174
2016-06-22,496000,505000,494500,496000,496000,39243
2016-06-23,496500,514000,494000,498500,498500,69527
2016-06-24,498500,501000,485000,495000,495000,75877
2016-06-27,514000,525000,501000,508000,508000,103824
2016-06-28,515000,515000,498000,503000,503000,98718
2016-06-29,503000,507000,496500,502000,502000,39783
2016-06-30,507000,512000,503000,508000,508000,48897
2016-07-01,512000,519000,509000,516000,516000,49917
2016-07-04,520000,541000,518000,531000,531000,124181
2016-07-05,531000,534000,524000,533000,533000,42580
2016-07-06,533000,533000,519000,526000,526000,57676
2016-07-07,530000,539000,524000,537000,537000,47276
2016-07-08,535000,542000,530000,534000,534000,30064
2016-07-11,545000,549000,540000,547000,547000,37160
2016-07-12,549000,560000,545000,559000,559000,86659
2016-07-13,560000,565000,551000,559000,559000,63272
2016-07-14,559000,560000,544000,551000,551000,58031
2016-07-15,551000,553000,537000,542000,542000,72738
2016-07-18,543000,547000,537000,544000,544000,45968
2016-07-19,543000,546000,528000,533000,533000,70711
2016-07-20,534000,535000,526000,535000,535000,39055
2016-07-21,535000,537000,522000,527000,527000,55398
2016-07-22,527000,530000,516000,518000,518000,65800
2016-07-25,516000,520000,508000,518000,518000,59449
2016-07-26,516000,523000,510000,519000,519000,39833
2016-07-27,514000,517000,511000,512000,512000,24116
2016-07-28,512000,519000,508000,517000,517000,38850
2016-07-29,519000,519000,507000,509000,509000,39020
2016-08-01,513000,530000,508000,526000,526000,64307
2016-08-02,525000,531000,522000,529000,529000,38257
2016-08-03,536000,539000,522000,522000,522000,42072
2016-08-04,525000,526000,514000,521000,521000,19601
2016-08-05,521000,525000,515000,523000,523000,22775
2016-08-08,519000,524000,511000,513000,513000,41066
2016-08-09,511000,519000,511000,518000,518000,32128
2016-08-10,520000,522000,511000,514000,514000,41582
2016-08-11,515000,519000,509000,519000,519000,28947
2016-08-12,519000,521000,510000,511000,511000,36329
2016-08-16,511000,515000,502000,505000,505000,37884
2016-08-17,505000,507000,498000,507000,507000,22764
2016-08-18,501000,503000,497000,497500,497500,37796
2016-08-19,496000,505000,491000,505000,505000,30789
2016-08-22,501000,501000,490000,495000,495000,34243
2016-08-23,499500,510000,489500,510000,510000,36272
2016-08-24,505000,510000,499000,500000,500000,21173
2016-08-25,499000,499000,486000,486000,486000,62192
2016-08-26,486000,492000,486000,490000,490000,20910
2016-08-29,490000,490500,482000,490500,490500,24696
2016-08-30,488000,499500,488000,494500,494500,27662
2016-08-31,497000,497000,478500,478500,478500,44115
2016-09-01,476500,482500,470500,479500,479500,33945
2016-09-02,476500,492500,476500,491000,491000,27102
2016-09-05,496500,508000,495000,499000,499000,39088
2016-09-06,499000,503000,494500,503000,503000,28608
2016-09-07,509000,510000,502000,508000,508000,28546
2016-09-08,506000,507000,490000,490000,490000,66575
2016-09-09,491000,500000,484000,499500,499500,33949
2016-09-12,499500,500000,483500,483500,483500,39178
2016-09-13,486000,487500,480000,480000,480000,37184
2016-09-19,471000,485500,471000,483500,483500,41474
2016-09-20,479000,485000,478500,484500,484500,26636
2016-09-21,480500,481500,477000,479000,479000,25946
2016-09-22,481000,485000,473000,473000,473000,65895
2016-09-23,478000,479000,474000,477000,477000,25591
2016-09-26,478000,481000,477000,480000,480000,24669
2016-09-27,480000,486000,475500,486000,486000,30742
2016-09-28,483000,488500,483000,484000,484000,20182
2016-09-29,485500,491000,481500,488500,488500,39277
2016-09-30,484000,487000,480500,481000,481000,32823
2016-10-04,487500,487500,480000,481000,481000,22557
2016-10-05,474500,475500,462000,466500,466500,97683
2016-10-06,462000,466000,455500,462500,462500,62789
2016-10-07,458500,461000,451500,452000,452000,41180
2016-10-10,454500,462000,454500,458000,458000,26017
2016-10-11,464000,464000,456500,458500,458500,31763
2016-10-12,461000,464000,456500,461000,461000,24150
2016-10-13,459000,459500,453000,455000,455000,25551
2016-10-14,455000,460000,450500,451500,451500,30506
2016-10-17,456500,456500,450500,451500,451500,21593
2016-10-18,452000,469000,452000,467500,467500,36591
2016-10-19,468000,469000,460500,465000,465000,23407
2016-10-20,469500,470000,462500,464500,464500,21167
2016-10-21,464500,467500,457500,464500,464500,25332
2016-10-24,466500,471000,465500,470500,470500,25101
2016-10-25,470000,471500,435500,443500,443500,110352
2016-10-26,438000,453500,434000,444500,444500,64340
2016-10-27,448500,459500,445500,458500,458500,54123
2016-10-28,452000,457000,449000,451500,451500,27033
2016-10-31,445000,455000,444000,455000,455000,30409
2016-11-01,455500,459000,451500,456000,456000,22915
2016-11-02,456500,476000,454500,473000,473000,65832
2016-11-03,475000,480500,472000,477000,477000,46751
2016-11-04,474000,479500,471500,473500,473500,20449
2016-11-07,478000,478500,463500,468500,468500,39833
2016-11-08,464500,480000,464000,477500,477500,26792
2016-11-09,479500,487000,472500,482000,482000,84000
2016-11-10,482000,493500,474000,490000,490000,87742
2016-11-11,492000,506000,485500,490000,490000,87401
2016-11-14,479500,489500,466000,468500,468500,101756
2016-11-15,472500,483000,469000,478500,478500,42441
2016-11-16,480000,482000,469500,470000,470000,33449
2016-11-17,469000,477500,468000,475000,475000,17838
2016-11-18,470500,472500,459500,460000,460000,40996
2016-11-21,457000,466000,455500,461000,461000,18109
2016-11-22,465500,476500,462500,474500,474500,31718
2016-11-23,471000,484000,470000,480000,480000,37856
2016-11-24,477000,486000,476500,478500,478500,28440
2016-11-25,480000,484000,468500,471000,471000,27743
2016-11-28,471000,480500,471000,476000,476000,31947
2016-11-29,482000,485000,477000,485000,485000,39930
2016-11-30,477000,481500,470500,472000,472000,57328
2016-12-01,471000,472500,463000,470000,470000,39308
2016-12-02,471000,471500,464500,469500,469500,25211
2016-12-05,472000,495000,470000,491500,491500,72929
2016-12-06,499000,509000,496000,507000,507000,56669
2016-12-07,505000,509000,499000,509000,509000,27694
2016-12-08,515000,515000,499500,507000,507000,33484
2016-12-09,503000,510000,492000,494500,494500,38116
2016-12-12,498000,502000,492000,497000,497000,21723
2016-12-13,497500,502000,491000,498500,498500,25396
2016-12-14,498000,498500,490500,490500,490500,28739
2016-12-15,488000,494000,485000,489500,489500,23189
2016-12-16,485500,486000,476500,482000,482000,49606
2016-12-19,483000,484500,476000,480500,480500,19175
2016-12-20,479500,480500,475000,477000,477000,27166
2016-12-21,477000,480500,474500,475500,475500,28794
2016-12-22,475500,479500,473500,479500,479500,25914
2016-12-23,479000,479000,473500,479000,479000,21920
2016-12-26,480500,480500,473000,473500,473500,22080
2016-12-27,472000,478500,472000,473500,473500,28025
2016-12-28,471500,476000,466000,467000,467000,29011
2016-12-29,466500,475000,462000,475000,475000,25518
2017-01-02,468000,487000,468000,484000,484000,31418
2017-01-03,484500,484500,476500,476500,476500,29690
2017-01-04,479500,482500,476500,478000,478000,31757
2017-01-05,478000,482500,472000,480000,480000,28669
2017-01-06,484000,495000,482000,482000,482000,56018
2017-01-09,482000,491500,482000,489000,489000,33232
2017-01-10,485000,488000,478500,479500,479500,33806
2017-01-11,482500,510000,482500,508000,508000,85089
2017-01-12,512000,520000,506000,510000,510000,29650
2017-01-13,510000,517000,506000,516000,516000,32237
2017-01-16,518000,519000,505000,508000,508000,35738
2017-01-17,508000,515000,505000,511000,511000,44477
2017-01-18,516000,518000,506000,512000,512000,27639
2017-01-19,517000,519000,508000,515000,515000,21983
2017-01-20,515000,515000,496500,503000,503000,36354
2017-01-23,501000,509000,500000,504000,504000,16893
2017-01-24,509000,510000,500000,506000,506000,13149
2017-01-25,511000,511000,499000,507000,507000,26637
2017-01-26,502000,505000,486500,491500,491500,49044
2017-01-31,491000,496000,490000,490000,490000,24274
2017-02-01,490000,504000,486000,500000,500000,33848
2017-02-02,495500,497000,488000,488000,488000,34019
2017-02-03,493000,494500,486500,493500,493500,21062
2017-02-06,496000,496000,487000,487000,487000,19795
2017-02-07,491000,491000,435000,435500,435500,263301
2017-02-08,438500,442500,418000,427500,427500,291920
2017-02-09,431000,434500,422500,425000,425000,161903
2017-02-10,428500,428500,417500,417500,417500,130435
2017-02-13,421000,437500,419500,430000,430000,115233
2017-02-14,435000,436000,427000,427000,427000,69544
2017-02-15,430500,433500,427500,431000,431000,50492
2017-02-16,431000,434500,426000,429500,429500,49542
2017-02-17,430000,433000,425000,426500,426500,66881
2017-02-20,426500,428500,420000,422500,422500,67212
2017-02-21,423500,433500,423500,430000,430000,67830
2017-02-22,429500,438000,428500,428500,428500,51039
2017-02-23,429000,429000,409500,416500,416500,224307
2017-02-24,417000,419500,411000,415500,415500,83214
2017-02-27,418000,418500,413500,415000,415000,46789
2017-02-28,411500,424000,411500,416500,416500,85736
2017-03-02,423000,427000,416500,424500,424500,123179
2017-03-03,424000,427000,420000,420000,420000,75654
2017-03-06,422000,422000,410000,410500,410500,107914
2017-03-07,411500,413000,406500,409000,409000,102896
2017-03-08,409000,411000,406000,409000,409000,92591
2017-03-09,407000,415000,406000,406000,406000,74647
2017-03-10,406500,408500,403000,406500,406500,58795
2017-03-13,405500,406500,399000,399500,399500,135860
2017-03-14,402500,404000,398000,399500,399500,80677
2017-03-15,400000,401000,387500,392500,392500,104178
2017-03-16,396500,409000,396500,408000,408000,106703
2017-03-17,410000,420000,408500,418500,418500,136451
2017-03-20,421500,422000,412000,417000,417000,62211
2017-03-21,418500,420000,407000,414500,414500,54546
2017-03-22,411500,414000,403000,403500,403500,75052
2017-03-23,405000,418000,403500,417000,417000,69632
2017-03-24,417500,418000,409000,413500,413500,61569
2017-03-27,413500,422500,413500,418000,418000,78100
2017-03-28,419500,423000,416000,418000,418000,41098
2017-03-29,419500,420000,413000,419000,419000,34174
2017-03-30,437500,441000,429000,434500,434500,258079
2017-03-31,438500,438500,429000,432000,432000,70100
2017-04-03,425000,427000,418000,418500,418500,85550
2017-04-04,418000,421500,416500,418000,418000,47165
2017-04-05,418000,421000,413000,417500,417500,45321
2017-04-06,419000,422000,416500,416500,416500,36417
2017-04-07,417500,425000,417000,420000,420000,39630
2017-04-10,420000,420500,409000,410000,410000,64140
2017-04-11,410500,414500,409500,409500,409500,49182
2017-04-12,411500,420000,411500,414500,414500,51754
2017-04-13,416500,416500,411500,413500,413500,37250
2017-04-14,414500,418500,411500,412000,412000,19395
2017-04-17,413000,418000,413000,414500,414500,17741
2017-04-18,416000,417000,410500,411500,411500,38476
2017-04-19,413000,427000,413000,417500,417500,91194
2017-04-20,418000,419500,415500,418000,418000,36250
2017-04-21,421500,422000,414000,415500,415500,41250
2017-04-24,417500,419000,413500,414000,414000,25399
2017-04-25,417000,432500,416000,430000,430000,135128
2017-04-26,432000,432500,422500,423500,423500,77075
2017-04-27,425500,431000,423500,425500,425500,48318
2017-04-28,421500,425500,419500,425500,425500,47120
2017-05-02,425500,426500,421000,424500,424500,34402
2017-05-04,421000,425500,420500,422500,422500,52289
2017-05-08,421500,424500,418500,424500,424500,62898
2017-05-10,428500,428500,423000,425500,425500,85289
2017-05-11,425500,428500,424000,428500,428500,53529
2017-05-12,427500,429500,427000,427500,427500,36345
2017-05-15,430000,432500,427500,429000,429000,38180
2017-05-16,431000,431500,426000,427000,427000,45465
2017-05-17,426000,428000,420500,423000,423000,51328
2017-05-18,422500,429000,422500,425500,425500,43946
2017-05-19,423000,427000,423000,426500,426500,29824
2017-05-22,428500,431000,427500,429000,429000,40704
2017-05-23,429500,434500,427500,432000,432000,43280
2017-05-24,429500,434500,429500,432500,432500,32245
2017-05-25,432500,437500,430500,434000,434000,61730
2017-05-26,437500,439500,435000,438000,438000,66380
2017-05-29,438000,441000,437500,438500,438500,40379
2017-05-30,439500,440000,437000,439500,439500,34743
2017-05-31,440000,440500,436000,438000,438000,37296
2017-06-01,436000,447500,436000,443000,443000,51150
2017-06-02,443500,448500,442500,448000,448000,53229
2017-06-05,448500,450000,443500,447500,447500,38014
2017-06-07,456500,456500,448000,451500,451500,67366
2017-06-08,455000,459000,448500,453000,453000,97115
2017-06-09,453500,455000,447000,448000,448000,53489
2017-06-12,449500,450000,445000,447500,447500,33834
2017-06-13,445500,449000,444000,449000,449000,32804
2017-06-14,446500,449000,440500,444000,444000,56079
2017-06-15,440500,442500,439000,440000,440000,56930
2017-06-16,439500,441000,436000,437500,437500,37673
2017-06-19,436000,436500,428000,429000,429000,60264
2017-06-20,430000,433000,427500,433000,433000,47468
2017-06-21,430000,435500,428000,433000,433000,28530
2017-06-22,432000,437000,431000,437000,437000,30046
2017-06-23,438000,439000,434500,439000,439000,54045
2017-06-26,439500,441000,438500,440000,440000,40932
2017-06-27,438000,438500,434000,434000,434000,68795
2017-06-28,433500,447000,433000,444000,444000,76290
2017-06-29,445000,453000,445000,450500,450500,72492
2017-06-30,449500,456000,448500,456000,456000,69860
2017-07-03,456000,467500,456000,463500,463500,77188
2017-07-04,464500,465500,453500,455500,455500,34498
2017-07-05,453000,460000,451500,454000,454000,27836
2017-07-06,452500,459500,452000,457000,457000,34740
2017-07-07,454000,461000,450500,458000,458000,42576
2017-07-10,458000,460500,456000,460000,460000,30627
2017-07-11,461000,462000,458500,460500,460500,36001
2017-07-12,461000,461500,456500,458000,458000,36977
2017-07-13,459000,469500,457000,466000,466000,57383
2017-07-14,465000,465000,460000,462000,462000,30578
2017-07-17,464500,464500,460500,463500,463500,29240
2017-07-18,463500,464000,456500,457000,457000,33506
2017-07-19,455500,458000,452000,454500,454500,44725
2017-07-20,454500,455000,449500,453500,453500,46166
2017-07-21,450000,454500,442500,445000,445000,82821
2017-07-24,445000,454000,444000,446500,446500,70959
2017-07-25,445500,468000,445000,467500,467500,138557
2017-07-26,473000,487500,470500,483000,483000,142733
2017-07-27,483000,495000,480000,491500,491500,95812
2017-07-28,492500,493500,488000,492500,492500,47911
2017-07-31,493000,498500,488500,493500,493500,52656
2017-08-01,493500,495000,487000,493500,493500,56042
2017-08-02,491500,491500,482000,486500,486500,56524
2017-08-03,482000,488000,480500,487000,487000,34947
2017-08-04,490000,497000,484500,491500,491500,52005
2017-08-07,494000,496000,489000,495000,495000,45056
2017-08-08,499000,503000,493500,496000,496000,61591
2017-08-09,500000,503000,496500,498500,498500,71677
2017-08-10,498500,501000,488000,488500,488500,51607
2017-08-11,487500,490500,477500,479500,479500,50037
2017-08-14,480500,485500,478500,482000,482000,23840
2017-08-16,485000,486000,474500,477500,477500,35646
2017-08-17,492000,504000,491500,500000,500000,80097
2017-08-18,500000,503000,496000,501000,501000,35413
2017-08-21,505000,505000,498000,501000,501000,40447
2017-08-22,503000,509000,500000,501000,501000,36795
2017-08-23,505000,505000,487500,491000,491000,43363
2017-08-24,495500,504000,492500,500000,500000,42409
2017-08-25,502000,502000,492500,494500,494500,28535
2017-08-28,498500,504000,496000,503000,503000,38300
2017-08-29,506000,515000,501000,512000,512000,64990
2017-08-30,513000,520000,512000,516000,516000,44075
2017-08-31,516000,516000,508000,516000,516000,31134
2017-09-01,516000,517000,506000,510000,510000,27349
2017-09-04,508000,515000,506000,510000,510000,44909
2017-09-05,515000,519000,508000,517000,517000,51866
2017-09-06,516000,519000,511000,517000,517000,42645
2017-09-07,519000,520000,513000,520000,520000,29206
2017-09-08,524000,524000,514000,524000,524000,36464
2017-09-11,520000,522000,511000,511000,511000,61205
2017-09-12,514000,523000,512000,523000,523000,49062
2017-09-13,523000,525000,517000,519000,519000,28287
2017-09-14,515000,518000,509000,515000,515000,47935
2017-09-15,513000,515000,502000,504000,504000,53952
2017-09-18,504000,506000,498000,503000,503000,33197
2017-09-19,502000,508000,499000,504000,504000,29857
2017-09-20,504000,510000,499500,502000,502000,31653
2017-09-21,499500,502000,487500,490000,490000,58210
2017-09-22,484000,488500,474000,482500,482500,48356
2017-09-25,484000,486500,480000,481500,481500,37181
2017-09-26,486000,493000,482500,490500,490500,44505
2017-09-27,485000,488000,480500,484500,484500,44337
2017-09-28,479500,490500,475000,490500,490500,41721
2017-09-29,495500,495500,487000,495500,495500,37475
2017-10-10,506000,522000,504000,520000,520000,77152
2017-10-11,520000,536000,516000,530000,530000,71783
2017-10-12,529000,535000,522000,534000,534000,37745
2017-10-13,534000,540000,526000,532000,532000,26513
2017-10-16,535000,549000,529000,545000,545000,65347
2017-10-17,541000,548000,532000,546000,546000,30442
2017-10-18,540000,547000,532000,534000,534000,27856
2017-10-19,529000,545000,529000,536000,536000,21409
2017-10-20,530000,543000,530000,541000,541000,17906
2017-10-23,539000,544000,525000,526000,526000,25581
2017-10-24,527000,535000,527000,535000,535000,18454
2017-10-25,530000,532000,520000,522000,522000,24570
2017-10-26,526000,526000,487000,490000,490000,134369
2017-10-27,495000,528000,494000,524000,524000,93355
2017-10-30,522000,526000,507000,526000,526000,57250
2017-10-31,524000,525000,511000,512000,512000,38483
2017-11-01,505000,515000,502000,512000,512000,26341
2017-11-02,513000,520000,510000,515000,515000,30592
2017-11-03,518000,519000,509000,514000,514000,25196
2017-11-06,515000,517000,508000,517000,517000,22828
2017-11-07,513000,522000,513000,521000,521000,29749
2017-11-08,516000,523000,513000,519000,519000,28379
2017-11-09,522000,522000,513000,520000,520000,24874
2017-11-10,527000,527000,519000,521000,521000,65043
2017-11-13,519000,522000,514000,517000,517000,20318
2017-11-14,519000,522000,514000,517000,517000,62014
2017-11-15,520000,521000,500000,503000,503000,40099
2017-11-16,502000,508000,499000,500000,500000,48466
2017-11-17,501000,506000,493500,498500,498500,79498
2017-11-20,494000,496500,491500,492500,492500,47285
2017-11-21,496500,498500,492000,494000,494000,29109
2017-11-22,494000,502000,494000,498000,498000,24975
2017-11-23,499000,503000,493000,493500,493500,34900
2017-11-24,494000,499000,492500,494000,494000,20124
2017-11-27,494000,497500,492000,497000,497000,21569
2017-11-28,496000,499500,491000,496000,496000,26996
2017-11-29,496000,496000,490000,490000,490000,22392
2017-11-30,492500,493000,482000,486500,486500,62956
2017-12-01,487500,487500,479000,480000,480000,42333
2017-12-04,485000,486000,474500,479000,479000,45131
2017-12-05,477000,492000,477000,485000,485000,47938
2017-12-06,488000,488000,470500,470500,470500,50718
2017-12-07,470500,471500,465000,470500,470500,27261
2017-12-08,469000,471500,464000,464000,464000,34651
2017-12-11,465000,469500,464500,469500,469500,19796
2017-12-12,466000,471500,464000,470500,470500,23330
2017-12-13,470500,478500,470500,475000,475000,24986
2017-12-14,476500,480500,475500,476000,476000,46943
2017-12-15,481500,488000,477500,482000,482000,40000
2017-12-18,480000,485000,478000,485000,485000,23390
2017-12-19,483000,486500,479000,481500,481500,24376
2017-12-20,481500,492000,481500,490000,490000,27140
2017-12-21,486500,492000,482000,487000,487000,33988
2017-12-22,490000,490000,481000,483000,483000,22770
2017-12-26,483000,493500,482500,489500,489500,29658
2017-12-27,486000,490500,482000,489500,489500,15947
2017-12-28,493000,493000,487500,493000,493000,12157
2018-01-02,495500,502000,495500,499500,499500,25009
2018-01-03,475000,496500,475000,487500,487500,32678
2018-01-04,492000,492000,479000,481000,481000,38146
2018-01-05,484000,493000,479500,489500,489500,37821
2018-01-08,488000,499500,485500,499000,499000,33562
2018-01-09,499500,530000,499500,529000,529000,86740
2018-01-10,531000,539000,522000,537000,537000,58357
2018-01-11,539000,539000,518000,521000,521000,35141
2018-01-12,526000,533000,514000,526000,526000,24087
2018-01-15,533000,534000,520000,521000,521000,20071
2018-01-16,521000,523000,516000,521000,521000,25115
2018-01-17,516000,521000,508000,516000,516000,27694
2018-01-18,513000,521000,506000,509000,509000,23991
2018-01-19,509000,515000,507000,515000,515000,24513
2018-01-22,519000,520000,505000,511000,511000,22887
2018-01-23,514000,514000,506000,511000,511000,29060
2018-01-24,514000,522000,512000,519000,519000,57960
2018-01-25,521000,529000,519000,522000,522000,76937
2018-01-26,528000,530000,519000,523000,523000,49055
2018-01-29,526000,531000,522000,529000,529000,43673
2018-01-30,533000,540000,526000,530000,530000,48725
2018-01-31,528000,528000,504000,515000,515000,42418
2018-02-01,515000,527000,510000,514000,514000,30671
2018-02-02,512000,515000,492000,494500,494500,54992
2018-02-05,495000,498000,491000,496000,496000,40744
2018-02-06,490000,499500,482500,496000,496000,52269
2018-02-07,497000,513000,495500,495500,495500,61067
2018-02-08,497000,507000,493500,499500,499500,45812
2018-02-09,488500,495000,484000,491000,491000,51916
2018-02-12,491500,504000,484000,494000,494000,46560
2018-02-13,495000,501000,493500,493500,493500,29704
2018-02-14,495000,507000,494000,505000,505000,40535
2018-02-19,509000,519000,506000,511000,511000,36092
2018-02-20,506000,527000,505000,520000,520000,48442
2018-02-21,520000,527000,510000,525000,525000,46029
2018-02-22,517000,523000,511000,520000,520000,31942
2018-02-23,519000,527000,514000,518000,518000,32328
2018-02-26,523000,523000,513000,516000,516000,43728
2018-02-27,515000,524000,515000,517000,517000,41083
2018-02-28,514000,516000,505000,512000,512000,33917
2018-03-02,508000,508000,495500,501000,501000,26741
2018-03-05,501000,508000,491500,491500,491500,15622
2018-03-06,494500,497000,483000,491500,491500,34690
2018-03-07,491500,510000,491500,507000,507000,41164
2018-03-08,501000,507000,496000,500000,500000,40975
2018-03-09,500000,503000,495500,497500,497500,28733
2018-03-12,500000,503000,495500,495500,495500,28509
2018-03-13,492000,493000,487500,489500,489500,53167
2018-03-14,486500,487500,482500,485500,485500,45073
2018-03-15,487500,487500,478500,484000,484000,50644
2018-03-16,482000,485500,478500,480000,480000,47478
2018-03-19,481000,487000,473500,476000,476000,53219
2018-03-20,476500,481000,476000,478000,478000,21572
2018-03-21,476500,486500,476500,486500,486500,36071
2018-03-22,485000,489000,482000,488500,488500,29499
2018-03-23,482000,484500,474500,477000,477000,30448
2018-03-26,476000,480000,473000,475500,475500,22825
2018-03-27,478000,484000,475500,483500,483500,21788
2018-03-28,479500,483500,475500,481000,481000,24930
2018-03-29,481500,483000,476000,482000,482000,19780
2018-03-30,484000,484000,476000,479000,479000,27794
2018-04-02,476500,481000,469000,471000,471000,28129
2018-04-03,471500,472500,461000,462500,462500,43885
2018-04-04,462500,469500,460000,461000,461000,27416
2018-04-05,461000,468000,461000,463500,463500,13860
2018-04-06,463000,463500,452500,455500,455500,41993
2018-04-09,454000,457000,452000,454000,454000,26108
2018-04-10,454500,463000,452500,458000,458000,25224
2018-04-11,453000,457500,450500,452000,452000,35182
2018-04-12,454500,461000,452500,461000,461000,29253
2018-04-13,455000,459000,450500,451000,451000,31007
2018-04-16,454500,455000,442500,444000,444000,28415
2018-04-17,442500,446000,436000,437500,437500,51229
2018-04-18,435500,439000,430000,431500,431500,97868
2018-04-19,432000,436000,428000,429000,429000,67612
2018-04-20,430000,441000,430000,441000,441000,48027
2018-04-23,441500,443000,436000,440500,440500,40266
2018-04-24,442000,445000,435500,442000,442000,55690
2018-04-25,442500,442500,425500,427000,427000,60663
2018-04-26,431500,436000,428500,431500,431500,45488
2018-04-27,431500,434500,426000,428500,428500,44346
2018-04-30,431500,437000,430000,433500,433500,34369
2018-05-02,438500,443500,428000,430000,430000,63920
2018-05-03,430500,436500,430000,434000,434000,29994
2018-05-04,434000,449500,434000,443500,443500,97275
2018-05-08,446000,446000,430000,433000,433000,53733
2018-05-09,428500,434000,425500,429000,429000,31314
2018-05-10,429500,436500,429500,435000,435000,26418
2018-05-11,435500,438500,431000,437500,437500,24462
2018-05-14,442000,455500,441000,455000,455000,54470
2018-05-15,451000,453000,445500,449000,449000,34635
2018-05-16,448500,450500,440500,446500,446500,23841
2018-05-17,448000,452000,445500,446000,446000,19822
2018-05-18,445500,446000,440000,443500,443500,19837
2018-05-21,444000,448000,437000,438500,438500,19982
2018-05-23,433000,434500,428000,429500,429500,39409
2018-05-24,429000,437500,429000,431500,431500,14009
2018-05-25,433500,436500,426500,429000,429000,26710
2018-05-28,428000,433000,424500,426500,426500,29396
2018-05-29,426500,427000,418000,418000,418000,37870
2018-05-30,416000,416500,404000,405500,405500,58345
2018-05-31,405000,412000,403000,405500,405500,68686
2018-06-01,405000,420500,405000,418500,418500,35879
2018-06-04,420000,426000,417000,421500,421500,20903
2018-06-05,421000,422500,416000,416500,416500,19040
2018-06-07,416000,431000,416000,431000,431000,43425
2018-06-08,431000,433000,428000,428500,428500,24468
2018-06-11,430500,430500,425500,428500,428500,16864
2018-06-12,428500,431000,425500,428000,428000,22130
2018-06-14,423000,424000,411500,411500,411500,47622
2018-06-15,411500,414500,405000,407500,407500,38369
2018-06-18,410000,411000,403000,405500,405500,28821
2018-06-19,402000,403000,391000,393500,393500,48169
2018-06-20,393500,397500,389500,390500,390500,47413
2018-06-21,388000,390000,375000,376500,376500,73749
2018-06-22,371000,380000,365000,378000,378000,36928
2018-06-25,375000,393500,373500,392000,392000,35261
2018-06-26,390500,391500,383000,388500,388500,18146
2018-06-27,382500,386500,375000,375000,375000,40549
2018-06-28,370000,382000,370000,374000,374000,25647
2018-06-29,379000,389500,375000,386000,386000,47744
2018-07-02,386000,389500,381000,381000,381000,25050
2018-07-03,382500,383000,365000,367500,367500,39988
2018-07-04,365000,372000,365000,371000,371000,14162
2018-07-05,370500,374000,369000,372000,372000,23683
2018-07-06,369000,371500,367000,370000,370000,36865
2018-07-09,368000,379500,368000,371500,371500,17712
2018-07-10,371500,389000,368500,387500,387500,39414
2018-07-11,380500,384500,377000,381000,381000,30460
2018-07-12,384000,389500,381500,389000,389000,34228
2018-07-13,386500,389500,382500,383500,383500,18432
2018-07-16,380000,385500,378000,378000,378000,15784
2018-07-17,378000,383500,377500,379000,379000,15913
2018-07-18,378500,386000,378000,378500,378500,15287
2018-07-19,379500,382000,371000,372500,372500,29313
2018-07-20,370500,377000,370500,374500,374500,23086
2018-07-23,375000,378500,372500,374500,374500,26584
2018-07-24,375000,395000,372500,393000,393000,68441
2018-07-25,394000,400000,384500,386000,386000,48024
2018-07-26,386500,400000,386000,397000,397000,44622
2018-07-27,401000,407500,394500,396000,396000,30260
2018-07-30,401500,407000,393500,404500,404500,39500
2018-07-31,406500,415000,405000,412500,412500,56259
2018-08-01,419000,421500,406000,407500,407500,49889
2018-08-02,406500,406500,393500,395000,395000,29238
2018-08-03,394500,406000,394500,396000,396000,37426
2018-08-06,396000,403000,395500,400500,400500,33321
2018-08-07,400500,409000,396000,406500,406500,33461
2018-08-08,400500,405500,399000,403000,403000,22241
2018-08-09,402500,403000,391500,397500,397500,41533
2018-08-10,397000,405000,394500,401000,401000,28157
2018-08-13,394000,398000,386500,389000,389000,38402
2018-08-14,389000,394000,383500,386000,386000,37735
2018-08-16,380000,384500,376000,380500,380500,33828
2018-08-17,381500,386500,377500,379000,379000,25995
2018-08-20,383000,395000,382500,391000,391000,31227
2018-08-21,392000,402500,389000,392500,392500,31854
2018-08-22,390500,395500,385000,392000,392000,30126
2018-08-23,392000,392500,388500,389000,389000,18222
2018-08-24,387000,396000,386000,395500,395500,23574
2018-08-27,400000,415000,399000,411000,411000,72068
2018-08-28,415500,421500,415500,418500,418500,51367
2018-08-29,418500,420000,410000,418500,418500,36096
2018-08-30,416500,417500,412500,417000,417000,28510
2018-08-31,410000,412000,401500,405500,405500,50079
2018-09-03,409000,412500,406000,411000,411000,23898
2018-09-04,409500,409500,401000,403500,403500,30437
2018-09-05,395500,401000,395500,396500,396500,34434
2018-09-06,397000,416000,396500,406000,406000,51649
2018-09-07,413000,414000,405000,410500,410500,26683
2018-09-10,404000,409500,402000,406500,406500,19126
2018-09-11,402000,405500,398500,400000,400000,33160
2018-09-12,406000,406000,390000,397000,397000,34607
2018-09-13,401500,414500,400500,413500,413500,68033
2018-09-14,414000,422500,413500,416500,416500,30235
2018-09-17,409500,412000,405000,407000,407000,22583
2018-09-18,401000,412000,401000,409000,409000,29751
2018-09-19,411000,427500,408000,424500,424500,74063
2018-09-20,420500,426000,417000,422000,422000,35855
2018-09-21,424500,431000,417000,425500,425500,65717
2018-09-27,420000,441500,420000,439500,439500,96670
2018-09-28,439000,440000,431500,436000,436000,46629
2018-10-01,436000,440000,421000,432500,432500,37985
2018-10-02,432500,433000,425000,425000,425000,31887
2018-10-04,434500,435000,417500,421000,421000,38028
2018-10-05,421500,427000,416000,422000,422000,36180
2018-10-08,422500,425500,409000,411000,411000,26033
2018-10-10,412500,415000,398000,407500,407500,47358
2018-10-11,396000,407500,392500,392500,392500,54239
2018-10-12,392500,394500,388000,394000,394000,42547
2018-10-15,392500,395500,387500,388000,388000,22053
2018-10-16,388000,396500,387000,392500,392500,24879
2018-10-17,397000,398500,392000,398000,398000,28080
2018-10-18,394000,396500,388000,391500,391500,23675
2018-10-19,389000,392500,386000,389500,389500,15907
2018-10-22,386500,392000,381500,392000,392000,31593
2018-10-23,392000,396500,383000,390000,390000,24006
2018-10-24,396500,404000,386000,393500,393500,41442
2018-10-25,388500,397500,388000,397500,397500,47932
2018-10-26,391500,402000,383000,385500,385500,45760
2018-10-29,375500,400000,375500,390500,390500,43652
2018-10-30,391000,400000,386500,386500,386500,42147
2018-10-31,384500,389000,372500,379000,379000,64547
2018-11-01,377500,379500,365500,374500,374500,57661
2018-11-02,375000,396000,375000,395000,395000,36350
2018-11-05,390000,393500,386000,389500,389500,22346
2018-11-06,394500,396000,389500,396000,396000,16467
2018-11-07,397000,403000,395500,396500,396500,26092
2018-11-08,403000,409000,398500,401500,401500,37104
2018-11-09,399000,407000,396500,404500,404500,23185
2018-11-12,403500,412000,396500,409500,409500,44515
2018-11-13,401000,427500,400500,426000,426000,105853
2018-11-14,424000,434000,421000,431500,431500,50558
2018-11-15,426500,435000,424000,434500,434500,28281
2018-11-16,437000,437000,426500,434000,434000,37057
2018-11-19,428500,437500,428500,436500,436500,32358
2018-11-20,437500,439000,432500,438000,438000,40783
2018-11-21,437500,442000,431500,442000,442000,35088
2018-11-22,438500,442500,437500,440500,440500,19323
2018-11-23,441000,443500,432500,439000,439000,18924
2018-11-26,437500,442500,429000,431500,431500,28600
2018-11-27,432500,436000,424000,433000,433000,36660
2018-11-28,430000,433000,421500,424000,424000,46282
2018-11-29,430000,441500,429000,433500,433500,52362
2018-11-30,432000,437500,424000,425500,425500,40769
2018-12-03,428000,439500,427000,432500,432500,28730
2018-12-04,433000,441000,428000,439500,439500,29511
2018-12-05,439500,444500,436000,438500,438500,30414
2018-12-06,442000,442500,433500,437000,437000,24261
2018-12-07,440000,441500,431000,433500,433500,14269
2018-12-10,430500,447000,430500,443500,443500,50264
2018-12-11,443500,449000,441500,442500,442500,28343
2018-12-12,447500,448000,436000,442500,442500,40700
2018-12-13,440000,453500,440000,453500,453500,56621
2018-12-14,454000,460000,442000,448500,448500,32170
2018-12-17,455000,457500,445500,445500,445500,24095
2018-12-18,449000,453500,443500,449000,449000,28941
2018-12-19,449000,454000,448000,451000,451000,26726
2018-12-20,446000,449500,433000,449500,449500,42162
2018-12-21,451500,451500,432500,437500,437500,47769
2018-12-24,437000,449500,430000,448500,448500,28234
2018-12-26,440500,451500,438000,443500,443500,23505
2018-12-27,432000,444500,430000,443000,443000,27634
2018-12-28,441500,442000,431500,432500,432500,31179
2019-01-02,427500,432500,421500,424000,424000,33226
2019-01-03,420500,442500,420500,441500,441500,50422
2019-01-04,441500,462000,441500,453500,453500,65433
2019-01-07,450000,450000,437000,441000,441000,43992
2019-01-08,448000,450000,441000,444500,444500,23747
2019-01-09,446000,448500,437500,442000,442000,39717
2019-01-10,440000,447500,435500,447500,447500,42187
2019-01-11,441500,448500,440500,448000,448000,23886
2019-01-14,443000,445000,432000,434000,434000,43935
2019-01-15,438000,438500,429500,434000,434000,48089
2019-01-16,432000,437000,425000,429000,429000,50460
2019-01-17,429000,434000,422000,425000,425000,49725
2019-01-18,427000,430500,420500,424000,424000,40318
2019-01-21,426000,436000,425500,431000,431000,35157
2019-01-22,430000,434500,424500,429000,429000,25769
2019-01-23,430500,431500,424000,431500,431500,34089
2019-01-24,426500,431000,418500,421500,421500,56817
2019-01-25,421000,428500,418500,427500,427500,29081
2019-01-28,425000,429000,422000,425000,425000,29269
2019-01-29,424000,432500,422500,432500,432500,27981
2019-01-30,436000,436500,425500,436000,436000,33543
2019-01-31,437000,445000,435000,440500,440500,42331
2019-02-01,437500,445000,435500,438500,438500,45773
2019-02-07,443500,448500,430000,448000,448000,45693
2019-02-08,445000,446000,436000,443000,443000,40667
2019-02-11,444000,444000,430000,433000,433000,40812
2019-02-12,431000,441500,425000,435500,435500,60816
2019-02-13,433500,438500,429000,431000,431000,30010
2019-02-14,427500,435500,425500,435500,435500,34407
2019-02-15,432000,435500,430000,433000,433000,22775
2019-02-18,432000,435500,430000,434500,434500,30677
2019-02-19,435500,439000,433500,435500,435500,38845
2019-02-20,438500,452500,436500,446000,446000,71644
2019-02-21,448500,452500,447500,451000,451000,29197
2019-02-22,451000,454500,447000,454000,454000,40852
2019-02-25,457000,461000,455000,460000,460000,36460
2019-02-26,458500,467000,458000,467000,467000,35745
2019-02-27,468500,470000,460500,464500,464500,28705
2019-02-28,466500,466500,454500,456500,456500,40446
2019-03-04,456500,461500,448000,458500,458500,36562
2019-03-05,454000,458000,448500,451500,451500,23373
2019-03-06,448500,455500,445000,452500,452500,21769
2019-03-07,455000,455000,447500,452500,452500,15099
2019-03-08,451000,451000,436000,437000,437000,29692
2019-03-11,440500,442500,435000,442500,442500,18768
2019-03-12,448000,448000,440500,443500,443500,22672
2019-03-13,447500,452000,441500,451500,451500,31589
2019-03-14,456000,461000,452000,456000,456000,34053
2019-03-15,450500,463000,450500,460500,460500,43656
2019-03-18,461500,462000,451500,462000,462000,16871
2019-03-19,457500,461500,454500,455500,455500,16565
2019-03-20,452000,463000,452000,461500,461500,21495
2019-03-21,458500,468000,453000,459500,459500,30586
2019-03-22,456500,461500,451500,461500,461500,24306
2019-03-25,461000,464500,456500,462500,462500,30650
2019-03-26,460000,462500,446500,454000,454000,37167
2019-03-27,457500,458500,453000,456000,456000,19610
2019-03-28,452500,460000,451000,459000,459000,16878
2019-03-29,461500,465000,455500,465000,465000,27682
2019-04-01,464000,474000,463500,469500,469500,29916
2019-04-02,476500,491500,466000,473500,473500,60878
2019-04-03,470000,486000,469500,485000,485000,44605
2019-04-04,488000,492000,485500,489000,489000,44488
2019-04-05,492000,492500,483000,486500,486500,27943
2019-04-08,491000,491000,475000,480500,480500,39455
2019-04-09,480500,484500,477500,480500,480500,36881
2019-04-10,480000,483500,476500,482500,482500,30481
2019-04-11,482000,489000,478000,481500,481500,31405
2019-04-12,482000,482500,475000,477500,477500,39780
2019-04-15,475500,481500,462500,466000,466000,61577
2019-04-16,465500,471500,465500,471000,471000,38844
2019-04-17,470500,470500,460500,464000,464000,44483
2019-04-18,464500,464500,455500,457000,457000,43129
2019-04-19,455500,460000,452000,457500,457500,18258
2019-04-22,456000,458500,452000,453000,453000,17655
2019-04-23,454500,455500,450500,450500,450500,25441
2019-04-24,452500,459000,442500,447000,447000,53388
2019-04-25,449000,453000,447500,450000,450000,27855
2019-04-26,451500,455500,444500,445000,445000,42256
2019-04-29,446500,454000,446500,452500,452500,34664
2019-04-30,452500,454000,444500,452500,452500,44114
2019-05-02,447000,451500,444500,447000,447000,43324
2019-05-03,447000,447000,440000,441500,441500,45790
2019-05-07,440500,440500,431500,437500,437500,63201
2019-05-08,431500,437000,431000,435000,435000,24882
2019-05-09,437500,439000,424500,424500,424500,46440
2019-05-10,431000,436000,427000,433000,433000,42160
2019-05-13,433000,433000,423500,427500,427500,21532
2019-05-14,428500,434000,426000,431000,431000,37469
2019-05-15,432500,437000,429000,435500,435500,29302
2019-05-16,430000,430000,421500,422000,422000,36803
2019-05-17,424000,432000,420500,421500,421500,32027
2019-05-20,425000,428500,421500,424000,424000,14537
2019-05-21,419000,428500,418500,424500,424500,14681
2019-05-22,431000,436000,424500,433500,433500,36759
2019-05-23,437500,438500,428000,435500,435500,30680
2019-05-24,429500,440000,429500,438500,438500,22250
2019-05-27,439000,440000,433500,439500,439500,11067
2019-05-28,442000,446500,433000,435500,435500,46121
2019-05-29,442000,443000,430500,434000,434000,27934
2019-05-30,438000,440000,431500,438000,438000,24434
2019-05-31,434000,437000,429000,437000,437000,26869
2019-06-03,438500,452000,432000,451500,451500,40362
2019-06-04,452000,452000,445500,448500,448500,24534
2019-06-05,448000,451000,444000,447000,447000,27259
2019-06-07,451500,454000,441000,449000,449000,43080
2019-06-10,451000,458000,447500,457500,457500,21308
2019-06-11,459000,463500,457000,462000,462000,30935
2019-06-12,462000,464500,457000,461500,461500,22201
2019-06-13,463000,472000,458000,469000,469000,50506
2019-06-14,467000,474500,464500,473000,473000,36823
2019-06-17,473000,475000,465500,470000,470000,31505
2019-06-18,466500,471500,462500,467000,467000,38620
2019-06-19,465500,473500,464000,468000,468000,26354
2019-06-20,472000,472000,466500,472000,472000,21319
2019-06-21,472000,475000,466500,474000,474000,36444
2019-06-24,478500,478500,468500,469500,469500,24158
2019-06-25,473500,479500,473000,479000,479000,40238
2019-06-26,476000,481500,474000,481500,481500,31223
2019-06-27,480000,480000,467500,470000,470000,53797
2019-06-28,470000,477500,470000,476000,476000,32667
2019-07-01,479000,479000,454000,455000,455000,67563
2019-07-02,455500,462000,452500,457000,457000,47674
2019-07-03,461000,462500,453500,458500,458500,35424
2019-07-04,454000,459000,450500,456000,456000,19011
2019-07-05,456500,459500,452500,454000,454000,21768
2019-07-08,453000,453000,445500,447500,447500,21002
2019-07-09,445500,448000,441000,442000,442000,15608
2019-07-10,449000,449000,434500,439500,439500,41883
2019-07-11,440000,449000,439500,443500,443500,32307
2019-07-12,444500,449000,441500,447000,447000,33636
2019-07-15,442500,445500,440000,443000,443000,25453
2019-07-16,444000,451000,442500,451000,451000,27591
2019-07-17,450000,454000,446500,454000,454000,29218
2019-07-18,449500,456000,447000,451500,451500,28353
2019-07-19,451500,459000,450500,459000,459000,27279
2019-07-22,454500,464000,453500,463000,463000,27411
2019-07-23,462000,469500,459000,463000,463000,33129
2019-07-24,462500,468000,455000,460000,460000,25356
2019-07-25,460500,463000,451500,458000,458000,37003
2019-07-26,455500,458000,431000,439500,439500,60945
2019-07-29,440500,446000,436000,437500,437500,32691
2019-07-30,436500,440000,431000,436000,436000,23397
2019-07-31,438000,447000,436000,442500,442500,38660
2019-08-01,439000,441500,433500,436000,436000,27516
2019-08-02,433000,436000,421500,430000,430000,36940
2019-08-05,427000,431000,423500,430500,430500,31232
2019-08-06,430000,430000,419500,423500,423500,36986
2019-08-07,428500,429000,420000,425500,425500,35916
2019-08-08,433500,447000,430500,447000,447000,57033
2019-08-09,444000,449000,442000,444000,444000,32186
2019-08-12,438500,444000,438000,440000,440000,48180
2019-08-13,438500,447500,437500,442000,442000,32376
2019-08-14,444500,445000,433500,438500,438500,37778
2019-08-16,434000,441000,432500,440000,440000,21893
2019-08-19,441000,443000,436500,442500,442500,19355
2019-08-20,439500,444500,438500,444000,444000,24778
2019-08-21,444000,445500,438000,442000,442000,27640
2019-08-22,440000,441500,434000,437000,437000,42822
2019-08-23,435000,437000,429500,432000,432000,24862
2019-08-26,430000,432000,426000,427500,427500,17137
2019-08-27,428500,435000,425500,428000,428000,43274
2019-08-28,433000,433000,426500,431000,431000,24994
2019-08-29,429000,434500,428000,434500,434500,20156
2019-08-30,435500,438500,431500,435000,435000,23799
2019-09-02,432000,441500,432000,441000,441000,14585
2019-09-03,445500,445500,433500,437000,437000,25810
2019-09-04,437000,444000,435500,444000,444000,29273
2019-09-05,440500,450000,440000,445500,445500,33284
2019-09-06,442500,444500,435000,437500,437500,27814
2019-09-09,438000,442500,434500,439000,439000,26040
2019-09-10,439000,441500,436000,438500,438500,17549
2019-09-11,442000,447000,436500,443500,443500,39453
2019-09-16,455500,456500,444000,450000,450000,27579
2019-09-17,444000,447500,442000,443500,443500,13802
2019-09-18,443000,447500,441000,444000,444000,15329
2019-09-19,443000,444000,433500,435000,435000,29595
2019-09-20,434000,439000,433500,439000,439000,25420
2019-09-23,436500,438500,434500,435000,435000,12767
2019-09-24,437500,443500,435500,441500,441500,22701
2019-09-25,440000,450000,440000,446000,446000,22554
2019-09-26,443000,449000,441500,445500,445500,12054
2019-09-27,447000,448000,442000,443000,443000,15464
2019-09-30,441500,448000,441000,448000,448000,22541
2019-10-01,445000,448000,443500,446500,446500,19016
2019-10-02,443000,443000,435000,435000,435000,22603
2019-10-04,433500,440500,431500,435500,435500,17152
2019-10-07,433500,435000,430000,431000,431000,13857
2019-10-08,428500,437000,428500,433500,433500,21477
2019-10-10,429000,440000,429000,433500,433500,37529
2019-10-11,439500,445000,434500,443500,443500,26009
2019-10-14,446500,448500,442500,447000,447000,14557
2019-10-15,446500,448500,441500,442500,442500,14055
2019-10-16,441000,446000,440000,445500,445500,18269
2019-10-17,445000,447000,441000,443000,443000,23494
2019-10-18,443500,446500,437000,437500,437500,25159
2019-10-21,443000,443000,438000,442000,442000,12356
2019-10-22,438500,450500,438500,450500,450500,32772
2019-10-23,445500,450500,431000,433000,433000,53278
2019-10-24,433000,440000,433000,439500,439500,23663
2019-10-25,435500,443500,435500,443500,443500,20450
2019-10-28,445500,447000,438000,439500,439500,16441
2019-10-29,439500,443000,437000,439000,439000,13732
2019-10-30,439000,444500,436000,438500,438500,20696
2019-10-31,438000,438500,434000,434500,434500,30839
2019-11-01,434500,435000,430500,432000,432000,16944
2019-11-04,435000,439500,433000,438000,438000,17696
2019-11-05,440500,442500,437000,442500,442500,23866
2019-11-06,439500,442000,435000,435000,435000,22474
2019-11-07,433000,437000,433000,434000,434000,19418
2019-11-08,434000,437500,432000,434500,434500,29495
2019-11-11,434500,437500,431000,432000,432000,25547
2019-11-12,435500,436000,429000,433000,433000,28744
2019-11-13,431000,431500,424000,426000,426000,40351
2019-11-14,425000,426500,421500,425500,425500,35927
2019-11-15,422000,427500,421500,427500,427500,25403
2019-11-18,426500,426500,420500,424500,424500,33498
2019-11-19,421500,424000,420500,424000,424000,26235
2019-11-20,420500,421000,414000,415500,415500,44981
2019-11-21,412000,416000,408500,415000,415000,37173
2019-11-22,416000,416000,410000,413000,413000,31222
2019-11-25,407500,414000,403500,413500,413500,37458
2019-11-26,409500,414500,407000,414500,414500,62739
2019-11-27,418500,419000,410000,413000,413000,27465
2019-11-28,410500,413000,409000,412000,412000,14205
2019-11-29,414000,414000,405000,406000,406000,32508
2019-12-02,405500,410000,405500,409500,409500,42330
2019-12-03,407000,407500,400500,404000,404000,46796
2019-12-04,400500,412000,400500,411500,411500,41727
2019-12-05,407000,412000,407000,411000,411000,28699
2019-12-06,407000,413500,404000,407000,407000,30796
2019-12-09,408500,408500,402000,404000,404000,22215
2019-12-10,407000,408500,403500,406500,406500,26659
2019-12-11,408500,418500,407000,417000,417000,43578
2019-12-12,418000,428000,415000,423500,423500,73669
2019-12-13,427500,429000,425500,428000,428000,47407
2019-12-16,430000,432000,425500,430000,430000,29188
2019-12-17,426000,433000,424000,431000,431000,32657
2019-12-18,427000,431000,426000,427000,427000,21705
2019-12-19,427000,430000,423000,425500,425500,29218
2019-12-20,430000,431500,423500,430500,430500,31545
2019-12-23,432500,432500,428000,429000,429000,17785
2019-12-24,430000,431500,427500,429500,429500,25741
2019-12-26,432000,432000,427000,427500,427500,17149
2019-12-27,423500,429000,420000,425500,425500,31047
2019-12-30,429500,430500,425000,425000,425000,30722
2020-01-02,428000,428500,420500,424000,424000,23211
2020-01-03,426000,426500,420500,425500,425500,29362
2020-01-06,427000,428500,420500,421500,421500,20916
2020-01-07,425000,430000,424500,428000,428000,26831
2020-01-08,424000,436000,422500,435000,435000,59568
2020-01-09,428500,434000,424500,427500,427500,39016
2020-01-10,425500,427500,420000,421500,421500,34422
2020-01-13,421000,422500,418000,422500,422500,25925
2020-01-14,419000,423000,419000,422000,422000,31511
2020-01-15,427500,427500,419500,423000,423000,22663
2020-01-16,423000,424000,416500,419500,419500,37349
2020-01-17,418500,421500,416000,416000,416000,22990
2020-01-20,416500,420000,416500,418000,418000,23156
2020-01-21,419000,419500,413000,414500,414500,13259
2020-01-22,418000,418000,410500,411000,411000,30359
2020-01-23,409000,410500,406500,407000,407000,27786
2020-01-28,406500,411500,395000,395000,395000,41506
2020-01-29,396000,399000,392500,396500,396500,24577
2020-01-30,396500,397000,388500,389000,389000,34811
2020-01-31,389000,391500,380000,380000,380000,49497
2020-02-03,376500,379500,370000,376500,376500,40315
2020-02-04,372000,387000,372000,382000,382000,36541
2020-02-05,382500,388000,378500,387500,387500,38180
2020-02-06,394000,420500,387500,420500,420500,159287
2020-02-07,425000,437000,412500,433000,433000,133505
2020-02-10,431000,441000,431000,437000,437000,66292
2020-02-11,434000,437500,426500,431000,431000,67241
2020-02-12,424000,431500,421000,423000,423000,75998
2020-02-13,423000,427000,419500,422000,422000,49622
2020-02-14,421000,434000,418500,430500,430500,56123
2020-02-17,431500,448000,430500,443500,443500,72789
2020-02-18,439500,446500,436000,437000,437000,42204
2020-02-19,445500,463500,441000,461000,461000,110265
2020-02-20,458000,461000,448000,448000,448000,64515
2020-02-21,444500,451500,440000,440000,440000,47327
2020-02-24,431000,440000,426000,426000,426000,48775
2020-02-25,429000,431000,416000,427500,427500,46681
2020-02-26,419000,433500,419000,427000,427000,40463
2020-02-27,422500,434000,422500,428500,428500,37011
2020-02-28,426000,430000,411500,414500,414500,58215
2020-03-02,411500,419000,405500,410500,410500,46993
2020-03-03,413500,421000,408000,408500,408500,55143
2020-03-04,408500,424000,408000,413500,413500,39740
2020-03-05,416000,424000,414000,418500,418500,44991
2020-03-06,418000,418000,409500,409500,409500,47685
2020-03-09,402500,404000,391000,392000,392000,67829
2020-03-10,384000,396500,384000,393000,393000,51889
2020-03-11,393500,398000,383000,384500,384500,51264
2020-03-12,390000,390000,370000,379500,379500,77744
2020-03-13,358500,383000,352000,374000,374000,93055
2020-03-16,377000,382000,361000,362500,362500,58656
2020-03-17,349500,360000,342500,353500,353500,51935
2020-03-18,348500,353500,317000,317000,317000,113397
2020-03-19,317000,325000,292000,293500,293500,90482
2020-03-20,297500,306500,289500,295000,295000,87185
2020-03-23,284000,301500,276500,295000,295000,78311
2020-03-24,306000,340000,302000,337000,337000,73129
2020-03-25,360000,365000,344000,358500,358500,86495
2020-03-26,358500,366000,350000,360000,360000,59655
2020-03-27,378000,378000,351500,361500,361500,65147
2020-03-30,360500,370000,346000,360000,360000,57957
2020-03-31,369000,369000,356000,356000,356000,56848
2020-04-01,352000,362500,345500,345500,345500,61131
2020-04-02,346000,367000,342000,365500,365500,55880
2020-04-03,359000,376000,358000,371000,371000,55214
2020-04-06,375000,379500,371500,374500,374500,40665
2020-04-07,382500,394500,380000,386500,386500,70064
2020-04-08,386500,398500,384500,386000,386000,67128
2020-04-09,394000,399000,388000,390500,390500,58937
2020-04-10,394000,397000,385000,385500,385500,53149
2020-04-13,385500,390500,380000,382500,382500,37402
2020-04-14,385000,399500,384500,390000,390000,67588
2020-04-16,390000,412000,389500,412000,412000,78432
2020-04-17,402000,412000,402000,404000,404000,61886
2020-04-20,400000,406500,398500,399500,399500,50695
2020-04-21,399500,401500,388500,396000,396000,49721
2020-04-22,396000,396000,385000,395500,395500,39150
2020-04-23,393000,400000,392000,392500,392500,42363
2020-04-24,391500,396500,390000,390000,390000,34271
2020-04-27,391500,399500,390000,395000,395000,35950
2020-04-28,397500,399000,385500,386500,386500,67373
2020-04-29,387000,389000,384500,386000,386000,50073
2020-05-04,376000,380000,367000,368500,368500,114221
2020-05-06,374500,375000,369000,371500,371500,43037
2020-05-07,370500,374500,369000,373500,373500,33136
2020-05-08,376000,380500,374000,374500,374500,39783
2020-05-11,376000,376000,370500,372500,372500,36810
2020-05-12,373000,374500,367500,369500,369500,35759
2020-05-13,368000,372500,364500,372500,372500,36742
2020-05-14,372000,372000,366000,369500,369500,38598
2020-05-15,366500,370000,366000,368500,368500,29722
2020-05-18,371000,376000,367500,374000,374000,29442
2020-05-19,378000,387000,378000,385000,385000,61730
2020-05-20,385500,387000,382000,386000,386000,28213
2020-05-21,382500,386000,380500,381000,381000,35875
2020-05-22,382000,386000,371000,374000,374000,35120
2020-05-25,378500,378500,369000,372500,372500,30691
2020-05-26,374000,383000,373500,382000,382000,50070
2020-05-27,379000,381500,376500,380000,380000,42874
2020-05-28,378000,379500,371000,374000,374000,45676
2020-05-29,371500,378000,370500,378000,378000,50282
2020-06-01,377500,378500,374000,378500,378500,36615
2020-06-02,376500,386000,376500,379500,379500,46737
2020-06-03,383000,395000,382000,388500,388500,109127
2020-06-04,389000,395000,382000,393000,393000,73250
2020-06-05,389000,392000,385500,386500,386500,48740
2020-06-08,390500,391000,380500,382500,382500,71723
2020-06-09,382500,384500,375500,378000,378000,73783
2020-06-10,384000,384000,377000,380000,380000,49028
2020-06-11,376500,379500,370500,373000,373000,78466
2020-06-12,365500,370000,361500,366500,366500,54542
2020-06-15,359000,361500,342000,342000,342000,85127
2020-06-16,349500,366000,348000,366000,366000,48490
2020-06-17,366000,368000,355500,359500,359500,53775
2020-06-18,355500,359000,355000,355000,355000,24470
2020-06-19,358500,359500,348000,355000,355000,67338
2020-06-22,350500,355000,349500,349500,349500,38142
2020-06-23,353500,356000,346000,346000,346000,51247
2020-06-24,347000,352000,346000,351000,351000,29762
2020-06-25,346000,348500,343000,343000,343000,40235
2020-06-26,345500,346500,340000,346000,346000,37475
2020-06-29,341000,343000,334000,334500,334500,54631
2020-06-30,337000,339000,335000,335000,335000,41684
2020-07-01,338500,354500,337000,353000,353000,72220
2020-07-02,359000,368500,355500,360500,360500,77713
2020-07-03,363000,365000,359000,364000,364000,33955
2020-07-06,366000,371000,362500,370500,370500,64100
2020-07-07,373000,373000,361000,366500,366500,42621
2020-07-08,369000,371000,364000,370000,370000,35707
2020-07-09,371000,378000,370500,378000,378000,63986
2020-07-10,378000,378000,368000,373500,373500,44186
2020-07-13,378000,378000,370500,375000,375000,39119
2020-07-14,370500,376500,370500,376500,376500,31622
2020-07-15,377500,379000,364000,369000,369000,59663
2020-07-16,366000,371500,364000,364500,364500,36953
2020-07-17,371000,376000,365500,368000,368000,33778
2020-07-20,367000,371500,362000,363500,363500,35690
2020-07-21,364000,371000,363500,369000,369000,33128
2020-07-22,375500,404000,372500,398500,398500,257220
2020-07-23,403500,411500,394500,403500,403500,106159
2020-07-24,399500,403000,392000,395500,395500,60595
2020-07-27,402500,431000,401500,430500,430500,174593
2020-07-28,446000,458000,424500,433500,433500,179845
2020-07-29,433500,442000,424000,433000,433000,77581
2020-07-30,430500,433500,421500,421500,421500,63530
2020-07-31,417500,425000,411500,414000,414000,78207
2020-08-03,415000,423000,412500,413500,413500,72486
2020-08-04,414000,420000,407500,410500,410500,72806
2020-08-05,424000,433500,417000,427000,427000,99434
2020-08-06,434500,450000,434000,450000,450000,103885
2020-08-07,459000,467000,452000,454000,454000,129264
2020-08-10,448000,450000,441500,450000,450000,86497
2020-08-11,452000,465000,448500,450500,450500,81894
2020-08-12,434000,443500,427500,432000,432000,132334
2020-08-13,430500,438000,424000,429000,429000,88524
2020-08-14,433500,434000,422000,429000,429000,48893
2020-08-18,437000,437500,419000,419500,419500,73382
2020-08-19,421000,426000,416500,418000,418000,32772
2020-08-20,412000,421500,403500,405500,405500,49256
2020-08-21,410500,418500,405000,411500,411500,33257
2020-08-24,411000,411000,401000,403500,403500,45652
2020-08-25,404000,412500,403500,410000,410000,33957
2020-08-26,407500,412000,402000,404000,404000,30694
2020-08-27,407000,407500,399000,400000,400000,42411
2020-08-28,400500,403000,396000,398500,398500,52231
2020-08-31,403000,412000,397500,398500,398500,65620
2020-09-01,397000,403000,396000,402000,402000,36204
2020-09-02,403000,406000,397000,403500,403500,31641
2020-09-03,404500,406000,398500,402000,402000,42133
2020-09-04,393500,399500,392000,398000,398000,48719
2020-09-07,395500,410500,394500,404000,404000,44931
2020-09-08,410000,415000,404500,406000,406000,33165
2020-09-09,403000,408500,400500,401000,401000,45823
2020-09-10,405000,407000,401000,403000,403000,34945
2020-09-11,403000,404000,398500,400000,400000,28237
2020-09-14,400500,405000,397000,405000,405000,29870
2020-09-15,404000,404500,399000,401500,401500,34493
2020-09-16,399500,404500,396500,397500,397500,43470
2020-09-17,397000,399000,393500,394500,394500,35590
2020-09-18,395000,397000,389500,392000,392000,38737
2020-09-21,391500,392000,385500,388500,388500,39323
2020-09-22,385500,385500,375500,377500,377500,55399
2020-09-23,378500,379000,370000,374500,374500,47480
2020-09-24,368500,371000,363000,363000,363000,47760
2020-09-25,369000,371500,364500,364500,364500,31807
2020-09-28,369000,384000,366500,380000,380000,36852
2020-09-29,385000,385000,374500,376500,376500,34372
2020-10-05,378000,386500,375000,382500,382500,78833
2020-10-06,381500,389000,381500,388000,388000,25431
2020-10-07,385000,387500,380500,387000,387000,20562
2020-10-08,388500,390000,386000,386000,386000,52889
2020-10-12,392000,392000,376000,377000,377000,70494
2020-10-13,377500,380000,375000,378500,378500,37896
2020-10-14,378500,380000,373000,374000,374000,41656
2020-10-15,372500,379500,371000,375500,375500,31099
2020-10-16,375000,378000,371000,373000,373000,29149
2020-10-19,375000,379500,374000,374000,374000,22125
2020-10-20,371500,377000,368000,370500,370500,39286
2020-10-21,370500,372500,369500,370500,370500,38134
2020-10-22,371500,391500,371000,386000,386000,104078
2020-10-23,389000,389500,382500,389000,389000,40817
2020-10-26,386500,387500,377500,378000,378000,38943
2020-10-27,375500,391500,371000,378000,378000,87785
2020-10-28,376500,380500,375000,380500,380500,29795
2020-10-29,375000,381500,372500,381500,381500,45565
2020-10-30,381500,382500,374000,382500,382500,55754
2020-11-02,382000,384500,381000,384000,384000,37264
2020-11-03,381500,389500,381500,389000,389000,43022
2020-11-04,391500,391500,384000,387500,387500,37055
2020-11-05,384500,388000,384000,388000,388000,38506
2020-11-06,391000,395000,387500,394000,394000,53305
2020-11-09,397000,400000,391500,394000,394000,47955
2020-11-10,394000,395000,388500,390000,390000,57989
2020-11-11,389500,394000,388500,392500,392500,55241
2020-11-12,392500,394500,389500,392000,392000,37422
2020-11-13,388000,389500,385000,385000,385000,51421
2020-11-16,387500,388500,382000,386000,386000,61597
2020-11-17,386000,391000,384000,385000,385000,74141
2020-11-18,385000,387000,383000,385000,385000,44132
2020-11-19,384000,385000,382000,383500,383500,27420
2020-11-20,383000,388000,383000,388000,388000,32147
2020-11-23,387000,393500,386500,393500,393500,48692
2020-11-24,393500,400000,392500,394500,394500,66985
2020-11-25,395500,399000,388000,392500,392500,68761
2020-11-26,394000,394500,386500,390000,390000,52958
2020-11-27,387500,389000,387000,388500,388500,30050
2020-11-30,388500,389000,379000,379000,379000,120792
2020-12-01,384000,390500,384000,390000,390000,59453
2020-12-02,392500,393500,389000,392500,392500,49462
2020-12-03,397500,397500,392000,392000,392000,54522
2020-12-04,394500,399500,392000,398000,398000,71559
2020-12-07,400000,401000,392500,397000,397000,47087
2020-12-08,399500,399500,392000,392000,392000,38051
2020-12-09,393000,395000,392000,395000,395000,35342
2020-12-10,394000,394500,388000,389500,389500,74553
2020-12-11,392500,394500,390000,392000,392000,53013
2020-12-14,392000,396500,391500,394000,394000,57887
2020-12-15,395500,398000,393000,398000,398000,49153
2020-12-16,400000,400500,398500,399500,399500,36470
2020-12-17,399500,407500,396500,407000,407000,62061
2020-12-18,408500,411000,402500,405500,405500,61889
2020-12-21,405500,423000,400000,423000,423000,100060
2020-12-22,417000,420000,410000,413500,413500,62437
2020-12-23,411000,414500,402000,412500,412500,46222
2020-12-24,412500,414500,408500,413000,413000,147733
2020-12-28,415500,416000,409500,416000,416000,71771
2020-12-29,406000,407000,401500,403000,403000,66995
2020-12-30,402500,403000,397000,401500,401500,62337
2021-01-04,404000,404000,397000,401000,401000,57810
2021-01-05,403000,454000,403000,452000,452000,403605
2021-01-06,452500,455000,432000,439500,439500,179734
2021-01-07,446000,449000,437000,442500,442500,123722
2021-01-08,452000,452000,438000,439500,439500,107911
2021-01-11,432000,433500,416000,421500,421500,198304
2021-01-12,423000,423000,412000,418500,418500,85062
2021-01-13,419000,425000,415000,423000,423000,72260
2021-01-14,426000,427000,419500,420500,420500,80513
2021-01-15,423000,425000,412500,412500,412500,88594
2021-01-18,408500,415000,405500,407000,407000,52583
2021-01-19,411000,420000,410500,418000,418000,60695
2021-01-20,416500,420000,411000,420000,420000,67117
2021-01-21,422500,437000,416500,435500,435500,135895
2021-01-22,431000,438000,427000,427000,427000,85216
2021-01-25,427000,432500,422500,428500,428500,54619
2021-01-26,429000,429000,413500,413500,413500,101968
2021-01-27,417000,418500,411000,411500,411500,48300
2021-01-28,403000,408500,402000,404000,404000,61306
2021-01-29,408500,413000,403000,406000,406000,100957
2021-02-01,420500,434000,411000,433500,433500,182305
2021-02-02,450000,450000,423000,427000,427000,151149
2021-02-03,420000,425500,418000,420500,420500,84315
2021-02-04,420500,421000,407500,409000,409000,113326
2021-02-05,409500,415000,408500,414500,414500,70392
2021-02-08,415500,419000,412500,412500,412500,55277
2021-02-09,417000,419500,413500,415000,415000,48831
2021-02-10,416500,417000,411000,413000,413000,45924
2021-02-15,417500,417500,413500,415000,415000,54550
2021-02-16,419000,431000,416000,421500,421500,189695
2021-02-17,425000,425000,417500,422000,422000,72028
2021-02-18,422000,422500,415000,415000,415000,56478
2021-02-19,416000,421000,411000,413500,413500,63604
2021-02-22,417500,434000,414000,428500,428500,142559
2021-02-23,433500,438500,425500,433000,433000,122437
2021-02-24,433500,434000,415000,415500,415500,82728
2021-02-25,420000,423500,413500,416000,416000,72277
2021-02-26,410500,411000,402500,403500,403500,114464
2021-03-02,408500,412000,405500,407000,407000,61635
2021-03-03,407000,412500,405500,412000,412000,42352
2021-03-04,405500,412500,405000,408000,408000,48889
2021-03-05,406500,408500,402000,407000,407000,42589
2021-03-08,408500,410500,401500,403500,403500,44896
2021-03-09,406000,406500,394500,397500,397500,66019
2021-03-10,401000,403000,398000,402000,402000,45413
2021-03-11,400000,405000,398500,402500,402500,67077
2021-03-12,403000,405000,400000,403500,403500,61597
2021-03-15,404000,405500,400500,403500,403500,26375
2021-03-16,403500,407000,403500,404000,404000,29978
2021-03-17,405000,413500,400000,412000,412000,56484
2021-03-18,413000,413000,409000,411500,411500,40741
2021-03-19,406000,407000,402000,402000,402000,67989
2021-03-22,407000,408000,402000,404500,404500,35056
2021-03-23,405000,408000,405000,406000,406000,37572
2021-03-24,406000,408500,401000,402500,402500,45201
2021-03-25,402000,404500,400500,401000,401000,38119
2021-03-26,402000,408000,401500,405500,405500,34773
2021-03-29,407000,409500,403500,409500,409500,32702
2021-03-30,409500,410000,405500,406500,406500,30618
2021-03-31,405000,410000,404000,408500,408500,41692
2021-04-01,406500,409000,403500,405000,405000,38593
2021-04-02,405000,408000,404500,405500,405500,28676
2021-04-05,405500,407000,403000,406500,406500,19213
2021-04-06,407000,410000,404500,404500,404500,30925
2021-04-07,406500,415000,406500,413500,413500,61954
2021-04-08,410500,415000,410000,411000,411000,49716
2021-04-09,410000,414000,409500,412000,412000,28987
2021-04-12,410500,413500,410500,413000,413000,26759
2021-04-13,413000,417500,412500,417500,417500,40017
2021-04-14,417500,417500,412500,413000,413000,47518
2021-04-15,414500,418500,413000,418000,418000,50291
2021-04-16,423000,424000,419000,421500,421500,74919
2021-04-19,422000,424000,417000,420000,420000,42742
2021-04-20,420000,420500,417000,418500,418500,30871
2021-04-21,418000,425500,415500,418000,418000,66092
2021-04-22,420000,438000,417500,437000,437000,144277
2021-04-23,437000,441000,430500,439000,439000,88849
2021-04-26,438500,439000,429500,438000,438000,60090
2021-04-27,440500,441000,431000,434500,434500,59398
2021-04-28,438000,438000,425000,427000,427000,63979
2021-04-29,424000,464000,422500,454500,454500,313326
2021-04-30,452000,465500,446000,446000,446000,136918
2021-05-03,450000,457500,442000,442500,442500,77265
2021-05-04,448500,450500,438500,443500,443500,67084
2021-05-06,448000,467000,443000,464000,464000,125707
2021-05-07,462000,465000,450500,455500,455500,82547
2021-05-10,459500,479500,458500,474000,474000,119166
2021-05-11,472000,491000,470000,481500,481500,145398
2021-05-12,486500,490500,471500,478500,478500,111929
2021-05-13,474000,486500,466000,469500,469500,108507
2021-05-14,469000,476000,455500,459000,459000,90025
2021-05-17,458500,463000,448000,455000,455000,70185
2021-05-18,460000,477500,458500,477500,477500,69019
2021-05-20,470000,474500,460500,468000,468000,64478
2021-05-21,467000,469000,453500,464000,464000,48890
2021-05-24,464000,466500,457000,461500,461500,33266
2021-05-25,462000,469000,460000,464500,464500,30504
2021-05-26,464500,467000,450000,453000,453000,55747
2021-05-27,453500,457500,450500,451500,451500,51516
2021-05-28,456000,463000,452000,461000,461000,46582
2021-05-31,454000,460500,451500,451500,451500,47993
2021-06-01,451500,455000,445000,447500,447500,60587
2021-06-02,448000,451000,445000,445500,445500,53776
2021-06-03,447500,448000,440500,441000,441000,54651
2021-06-04,440500,441000,436500,440000,440000,44726
2021-06-07,440500,443000,435500,436500,436500,36736
2021-06-08,437000,437500,434000,436000,436000,32118
2021-06-09,436000,436000,429000,430000,430000,36419
2021-06-10,430000,436000,428000,435500,435500,62439
2021-06-11,436000,438500,433000,436500,436500,27139
2021-06-14,437500,440000,435000,437500,437500,24220
2021-06-15,438500,444000,434000,441000,441000,36290
2021-06-16,440500,443500,438500,439000,439000,31092
2021-06-17,439000,439500,433500,434500,434500,42184
2021-06-18,432500,438000,432000,434000,434000,37286
2021-06-21,433000,433500,422000,423500,423500,65637
2021-06-22,424500,431000,424500,430000,430000,28598
2021-06-23,430500,432000,427000,430500,430500,28247
2021-06-24,430000,436500,429500,435000,435000,27426
2021-06-25,436000,445500,436000,445000,445000,55614
2021-06-28,445000,446500,437000,440000,440000,29309
2021-06-29,440000,444500,435500,436500,436500,24715
2021-06-30,436000,436500,431500,431500,431500,32490
2021-07-01,433000,433500,429500,430000,430000,23831
2021-07-02,430500,434500,430000,431500,431500,22535
2021-07-05,432500,437500,431500,434500,434500,24303
2021-07-06,436500,438000,431000,436500,436500,25820
2021-07-07,432500,436500,431000,436000,436000,21300
2021-07-08,433500,442500,433000,434000,434000,50482
2021-07-09,434000,434000,423000,426500,426500,56007
2021-07-12,428500,433500,428000,429000,429000,37423
2021-07-13,432500,433000,429000,430000,430000,48717
2021-07-14,451000,486000,450000,477500,477500,460271
2021-07-15,486000,497500,475500,495000,495000,201802
2021-07-16,490000,500000,486000,489000,489000,76391
2021-07-19,480000,485000,468000,473000,473000,110544
2021-07-20,475500,493000,474000,478500,478500,133485
2021-07-21,486000,512000,481500,510000,510000,170657
2021-07-22,517000,531000,502000,510000,510000,133925
2021-07-23,519000,550000,518000,539000,539000,155324
2021-07-26,540000,555000,533000,541000,541000,103067
2021-07-27,539000,552000,534000,538000,538000,104190
2021-07-28,535000,542000,528000,533000,533000,83191
2021-07-29,535000,544000,528000,538000,538000,60459
2021-07-30,541000,556000,530000,547000,547000,105605
2021-08-02,550000,555000,536000,540000,540000,56872
2021-08-03,537000,542000,522000,530000,530000,72060
2021-08-04,532000,537000,523000,530000,530000,53223
2021-08-05,526000,533000,523000,525000,525000,43405
2021-08-06,526000,533000,521000,527000,527000,30035
2021-08-09,520000,531000,516000,522000,522000,46985
2021-08-10,525000,532000,518000,521000,521000,49165
2021-08-11,522000,527000,510000,515000,515000,68471
2021-08-12,519000,540000,517000,532000,532000,96155
2021-08-13,540000,545000,524000,525000,525000,52759
2021-08-17,524000,531000,514000,517000,517000,49476
2021-08-18,511000,517000,506000,513000,513000,39645
2021-08-19,511000,511000,497000,499500,499500,58059
2021-08-20,496000,501000,483000,486000,486000,65279
2021-08-23,490000,502000,486000,492000,492000,37975
2021-08-24,499000,518000,497000,508000,508000,48360
2021-08-25,511000,520000,506000,516000,516000,41526
2021-08-26,507000,516000,506000,508000,508000,32025
2021-08-27,505000,510000,500000,507000,507000,26779
2021-08-30,507000,511000,499500,506000,506000,27819
2021-08-31,506000,536000,501000,532000,532000,106707
2021-09-01,529000,529000,517000,521000,521000,36680
2021-09-02,521000,532000,512000,517000,517000,38160
2021-09-03,519000,521000,512000,517000,517000,25256
2021-09-06,522000,526000,516000,518000,518000,23387
2021-09-07,515000,521000,507000,512000,512000,33092
2021-09-08,508000,516000,508000,511000,511000,31513
2021-09-09,506000,510000,505000,506000,506000,42831
2021-09-10,507000,516000,501000,508000,508000,37984
2021-09-13,508000,535000,504000,528000,528000,77901
2021-09-14,532000,532000,517000,521000,521000,32052
2021-09-15,516000,524000,512000,519000,519000,37956
2021-09-16,520000,534000,516000,524000,524000,45001
2021-09-17,521000,527000,517000,518000,518000,49443
2021-09-23,511000,520000,510000,510000,510000,34281
2021-09-24,512000,517000,509000,512000,512000,36687
2021-09-27,508000,519000,506000,511000,511000,40393
2021-09-28,520000,529000,506000,507000,507000,105593
2021-09-29,499000,505000,492000,502000,502000,57809
2021-09-30,498500,508000,496500,503000,503000,36770
2021-10-01,499000,507000,493500,499000,499000,46296
2021-10-05,492500,513000,492500,505000,505000,57724
2021-10-06,508000,525000,500000,503000,503000,62067
2021-10-07,515000,525000,510000,512000,512000,53056
2021-10-08,515000,539000,513000,531000,531000,104378
2021-10-12,537000,573000,537000,552000,552000,200061
2021-10-13,557000,568000,547000,564000,564000,117313
2021-10-14,578000,599000,567000,574000,574000,144951
2021-10-15,582000,593000,570000,590000,590000,88801
2021-10-18,602000,624000,595000,607000,607000,138489
2021-10-19,597000,619000,595000,607000,607000,86605
2021-10-20,601000,601000,572000,578000,578000,137063
2021-10-21,580000,590000,571000,576000,576000,84007
2021-10-22,569000,588000,566000,571000,571000,69384
2021-10-25,566000,578000,559000,572000,572000,48384
2021-10-26,576000,577000,562000,565000,565000,51076
2021-10-27,565000,574000,558000,560000,560000,44035
2021-10-28,560000,560000,532000,532000,532000,107156
2021-10-29,532000,539000,528000,537000,537000,76092
2021-11-01,528000,536000,518000,528000,528000,59746
2021-11-02,528000,533000,508000,512000,512000,118475
2021-11-03,502000,517000,500000,512000,512000,70511
2021-11-04,513000,518000,508000,510000,510000,51399
2021-11-05,511000,512000,499500,505000,505000,58594
2021-11-08,505000,505000,495000,500000,500000,39350
2021-11-09,502000,510000,499000,501000,501000,41094
2021-11-10,499500,499500,490500,490500,490500,45659
2021-11-11,487000,495500,483000,487000,487000,44251
2021-11-12,490000,513000,489000,505000,505000,64925
2021-11-15,509000,510000,499000,504000,504000,36883
2021-11-16,502000,510000,497000,505000,505000,33742
2021-11-17,501000,503000,493500,493500,493500,48038
2021-11-18,493500,497000,488000,490000,490000,35101
2021-11-19,490500,497000,489500,490500,490500,37298
2021-11-22,487500,489000,482000,486000,486000,45437
2021-11-23,486500,508000,486000,503000,503000,53811
2021-11-24,505000,512000,497500,502000,502000,48300
2021-11-25,503000,508000,496500,499000,499000,36617
2021-11-26,505000,528000,503000,520000,520000,105978
2021-11-29,510000,523000,501000,503000,503000,60403
2021-11-30,508000,508000,490000,493500,493500,70992
2021-12-01,495500,498500,487000,490500,490500,39320
2021-12-02,487000,497500,485000,497500,497500,46722
2021-12-03,492000,497500,487000,493500,493500,39736
2021-12-06,492500,504000,488500,500000,500000,32203
2021-12-07,502000,503000,493000,494000,494000,46236
2021-12-08,496500,508000,495500,500000,500000,51462
2021-12-09,504000,509000,499000,504000,504000,59198
2021-12-10,504000,517000,501000,513000,513000,33747
2021-12-13,510000,516000,502000,506000,506000,32073
2021-12-14,506000,517000,502000,513000,513000,38756
2021-12-15,512000,517000,507000,509000,509000,57937
2021-12-16,511000,514000,506000,513000,513000,25053
2021-12-17,515000,530000,512000,524000,524000,64231
2021-12-20,521000,524000,511000,520000,520000,44571
2021-12-21,520000,521000,512000,516000,516000,26857
2021-12-22,516000,525000,514000,524000,524000,27309
2021-12-23,526000,548000,524000,542000,542000,77531
2021-12-24,544000,547000,532000,535000,535000,36279
2021-12-27,536000,542000,532000,533000,533000,22728
2021-12-28,536000,537000,528000,532000,532000,47849
2021-12-29,524000,529000,516000,523000,523000,30497
2021-12-30,520000,525000,509000,511000,511000,30929
2022-01-03,512000,516000,508000,510000,510000,20258
2022-01-04,510000,518000,510000,511000,511000,25524
2022-01-05,512000,512000,502000,503000,503000,32447
2022-01-06,503000,515000,499000,509000,509000,44441
2022-01-07,509000,514000,505000,514000,514000,28995
2022-01-10,512000,519000,512000,514000,514000,26067
2022-01-11,506000,519000,506000,517000,517000,33490
2022-01-12,519000,539000,519000,535000,535000,60316
2022-01-13,537000,555000,536000,551000,551000,85494
2022-01-14,547000,555000,539000,546000,546000,43026
2022-01-17,541000,555000,541000,548000,548000,44586
2022-01-18,545000,555000,538000,550000,550000,49187
2022-01-19,545000,582000,545000,555000,555000,94680
2022-01-20,564000,572000,544000,548000,548000,55493
2022-01-21,548000,561000,540000,557000,557000,55707
2022-01-24,558000,564000,525000,528000,528000,54495
2022-01-25,528000,531000,516000,517000,517000,53693
2022-01-26,519000,524000,511000,521000,521000,33212
2022-01-27,521000,524000,499000,500000,500000,66877
2022-01-28,508000,513000,498500,509000,509000,44793
2022-02-03,520000,529000,515000,522000,522000,32857
2022-02-04,527000,543000,523000,538000,538000,44645
2022-02-07,539000,545000,526000,537000,537000,41519
2022-02-08,545000,549000,520000,523000,523000,62777
2022-02-09,528000,544000,527000,536000,536000,35060
2022-02-10,530000,540000,510000,530000,530000,39755
2022-02-11,523000,542000,521000,531000,531000,40977
2022-02-14,531000,537000,522000,532000,532000,43238
2022-02-15,533000,535000,518000,519000,519000,31892
2022-02-16,524000,531000,515000,529000,529000,39933
2022-02-17,531000,537000,525000,526000,526000,32224
2022-02-18,526000,539000,521000,535000,535000,33959
2022-02-21,528000,536000,526000,530000,530000,17735
2022-02-22,533000,533000,521000,526000,526000,23119
2022-02-23,525000,530000,525000,529000,529000,21681
2022-02-24,526000,529000,521000,526000,526000,21795
2022-02-25,530000,530000,521000,528000,528000,35233
2022-02-28,524000,550000,524000,550000,550000,63704
2022-03-02,553000,578000,551000,569000,569000,78952
2022-03-03,569000,571000,546000,552000,552000,60525
2022-03-04,557000,573000,545000,570000,570000,63730
2022-03-07,581000,583000,565000,577000,577000,71756
2022-03-08,579000,581000,548000,552000,552000,74908
2022-03-10,553000,573000,548000,573000,573000,76429
2022-03-11,564000,571000,562000,569000,569000,34102
2022-03-14,586000,608000,584000,590000,590000,118458
2022-03-15,595000,595000,583000,583000,583000,66616
2022-03-16,583000,586000,560000,572000,572000,77900
2022-03-17,578000,585000,572000,572000,572000,75224
2022-03-18,574000,578000,565000,569000,569000,53251
2022-03-21,569000,575000,566000,569000,569000,23290
2022-03-22,574000,587000,573000,575000,575000,39628
2022-03-23,578000,590000,574000,588000,588000,33205
2022-03-24,593000,598000,577000,590000,590000,35137
2022-03-25,585000,594000,584000,592000,592000,25040
2022-03-28,585000,592000,580000,589000,589000,24381
2022-03-29,594000,595000,585000,593000,593000,28751
2022-03-30,592000,592000,571000,576000,576000,59085
2022-03-31,580000,588000,578000,585000,585000,48274
2022-04-01,584000,592000,582000,590000,590000,29794
2022-04-04,594000,602000,591000,602000,602000,42141
2022-04-05,596000,605000,585000,605000,605000,39347
2022-04-06,606000,634000,606000,631000,631000,119300
2022-04-07,631000,640000,624000,630000,630000,58485
2022-04-08,632000,634000,625000,628000,628000,31951
2022-04-11,628000,631000,613000,619000,619000,41695
2022-04-12,619000,621000,606000,617000,617000,31924
2022-04-13,626000,631000,621000,625000,625000,29496
2022-04-14,629000,638000,628000,634000,634000,26878
2022-04-15,632000,634000,620000,626000,626000,18840
2022-04-18,621000,649000,620000,638000,638000,39836
2022-04-19,643000,657000,636000,657000,657000,35219
2022-04-20,659000,661000,635000,650000,650000,59385
2022-04-21,654000,654000,630000,630000,630000,52143
2022-04-22,628000,629000,612000,621000,621000,45108
2022-04-25,632000,632000,612000,621000,621000,52960
2022-04-26,625000,625000,585000,590000,590000,100556
2022-04-27,575000,593000,574000,592000,592000,46421
2022-04-28,587000,603000,584000,592000,592000,48939
2022-04-29,592000,593000,572000,576000,576000,82337
2022-05-02,575000,581000,569000,577000,577000,35070
2022-05-03,577000,578000,562000,568000,568000,44194
2022-05-04,566000,569000,560000,564000,564000,25895
2022-05-06,560000,564000,554000,554000,554000,32131
2022-05-09,553000,557000,548000,552000,552000,24226
2022-05-10,550000,553000,538000,551000,551000,43229
2022-05-11,546000,546000,537000,538000,538000,39173
2022-05-12,538000,556000,535000,540000,540000,60070
2022-05-13,540000,545000,534000,544000,544000,35583
2022-05-16,551000,554000,544000,552000,552000,30480
2022-05-17,552000,556000,547000,552000,552000,29530
2022-05-18,552000,567000,552000,557000,557000,39722
2022-05-19,548000,569000,543000,561000,561000,51488
2022-05-20,562000,575000,561000,573000,573000,40966
2022-05-23,568000,579000,568000,576000,576000,21359
2022-05-24,574000,578000,557000,564000,564000,38386
2022-05-25,568000,573000,564000,567000,567000,27123
2022-05-26,563000,576000,563000,576000,576000,20559
2022-05-27,578000,584000,576000,576000,576000,23812
2022-05-30,581000,583000,579000,581000,581000,20560
2022-05-31,582000,595000,580000,595000,595000,91556
2022-06-02,590000,594000,579000,585000,585000,48746
2022-06-03,586000,588000,561000,572000,572000,75005
2022-06-07,572000,579000,565000,577000,577000,30949
2022-06-08,577000,580000,567000,570000,570000,30127
2022-06-09,569000,570000,561000,565000,565000,31678
2022-06-10,560000,560000,552000,557000,557000,31567
2022-06-13,543000,554000,543000,546000,546000,34880
2022-06-14,545000,549000,531000,535000,535000,53650
2022-06-15,539000,543000,516000,517000,517000,45396
2022-06-16,520000,532000,518000,525000,525000,34033
2022-06-17,519000,531000,513000,530000,530000,35290
2022-06-20,535000,535000,512000,515000,515000,28782
2022-06-21,524000,526000,514000,520000,520000,20853
2022-06-22,524000,524000,507000,509000,509000,23860
2022-06-23,508000,509000,491000,494000,494000,40872
2022-06-24,494000,499000,486500,493000,493000,46276
2022-06-27,493000,502000,483000,500000,500000,38614
2022-06-28,500000,506000,492000,499500,499500,33143
2022-06-29,495000,501000,490500,494500,494500,31309
2022-06-30,496000,500000,487500,487500,487500,34722
2022-07-01,488000,493000,478000,481000,481000,36303
2022-07-04,481000,487000,472000,481000,481000,26579
2022-07-05,486500,496000,481500,490500,490500,28665
2022-07-06,483000,484000,452000,452000,452000,90078
2022-07-07,456000,464500,453000,459500,459500,42329
2022-07-08,461000,471500,460500,463000,463000,35500
2022-07-11,463500,466000,457000,463500,463500,20774
2022-07-12,463500,463500,453000,453500,453500,26706
2022-07-13,450000,457000,441000,454500,454500,39294
2022-07-14,454000,456000,448000,452000,452000,22931
2022-07-15,454000,455000,445000,450000,450000,20009
2022-07-18,451000,460000,447500,460000,460000,36699
2022-07-19,458500,463000,455000,456500,456500,23273
2022-07-20,461000,461500,453000,457500,457500,39108
2022-07-21,456000,461000,453500,459500,459500,37387
2022-07-22,457000,465500,457000,463500,463500,36613
2022-07-25,462500,469000,461500,468500,468500,34336
2022-07-26,466000,473000,464500,471500,471500,22854
2022-07-27,471000,473500,462500,467000,467000,29138
2022-07-28,469500,474000,467500,472500,472500,29431
2022-07-29,479500,483500,476000,477500,477500,41110
2022-08-01,477000,493500,476500,487000,487000,65539
2022-08-02,480000,483000,475500,479500,479500,27877
2022-08-03,480500,482500,471000,478000,478000,40180
2022-08-04,479000,482500,475500,481000,481000,28529
2022-08-05,490000,516000,490000,516000,516000,107743
2022-08-08,530000,560000,524000,553000,553000,197036
2022-08-09,551000,576000,550000,562000,562000,97837
2022-08-10,564000,571000,554000,563000,563000,55920
2022-08-11,565000,589000,561000,586000,586000,95491
2022-08-12,579000,600000,579000,588000,588000,53603
2022-08-16,589000,607000,585000,596000,596000,45446
2022-08-17,600000,619000,590000,597000,597000,65742
2022-08-18,592000,598000,586000,589000,589000,42007
2022-08-19,590000,596000,581000,587000,587000,38105
2022-08-22,579000,591000,576000,581000,581000,53111
2022-08-23,577000,578000,565000,571000,571000,49135
2022-08-24,570000,582000,567000,580000,580000,46199
2022-08-25,580000,591000,571000,586000,586000,37132
2022-08-26,586000,595000,580000,585000,585000,38558
2022-08-29,568000,620000,567000,618000,618000,148167
2022-08-30,625000,665000,615000,619000,619000,141784
2022-08-31,637000,683000,629000,672000,672000,273478
2022-09-01,666000,680000,640000,644000,644000,138681
2022-09-02,643000,644000,609000,618000,618000,152988
2022-09-05,613000,624000,609000,612000,612000,77276
2022-09-06,614000,640000,612000,627000,627000,74103
2022-09-07,623000,633000,617000,627000,627000,65330
2022-09-08,628000,629000,605000,615000,615000,99978
2022-09-13,625000,629000,612000,620000,620000,86081
2022-09-14,598000,626000,598000,624000,624000,95539
2022-09-15,624000,647000,617000,634000,634000,79284
2022-09-16,630000,640000,614000,618000,618000,77499
2022-09-19,614000,615000,582000,588000,588000,105885
2022-09-20,593000,604000,590000,601000,601000,45203
2022-09-21,595000,603000,590000,600000,600000,42513
2022-09-22,594000,609000,586000,604000,604000,47164
2022-09-23,610000,634000,599000,614000,614000,85266
2022-09-26,601000,611000,587000,591000,591000,63831
2022-09-27,596000,597000,578000,591000,591000,45118
2022-09-28,584000,588000,563000,569000,569000,56342
2022-09-29,579000,594000,572000,581000,581000,43782
2022-09-30,589000,599000,577000,595000,595000,77106
2022-10-04,591000,604000,581000,597000,597000,64021
2022-10-05,604000,626000,597000,621000,621000,131922
2022-10-06,617000,638000,613000,621000,621000,66305
2022-10-07,616000,625000,602000,610000,610000,56291
2022-10-11,603000,616000,600000,609000,609000,57871
2022-10-12,604000,611000,583000,608000,608000,54399
2022-10-13,602000,615000,602000,604000,604000,60364
2022-10-14,607000,622000,603000,613000,613000,51910
2022-10-17,603000,620000,603000,616000,616000,30635
2022-10-18,621000,622000,597000,605000,605000,60642
2022-10-19,611000,634000,610000,618000,618000,65951
2022-10-20,616000,617000,605000,613000,613000,39438
2022-10-21,605000,605000,582000,587000,587000,76178
2022-10-24,596000,609000,592000,602000,602000,45430
2022-10-25,607000,609000,600000,607000,607000,35590
2022-10-26,608000,618000,603000,608000,608000,43960
2022-10-27,613000,629000,612000,627000,627000,51403
2022-10-28,628000,632000,619000,622000,622000,35156
2022-10-31,628000,640000,623000,640000,640000,124367
2022-11-01,638000,638000,617000,626000,626000,47460
2022-11-02,621000,625000,612000,621000,621000,36058
2022-11-03,600000,600000,560000,586000,586000,214254
2022-11-04,593000,594000,561000,579000,579000,121256
2022-11-07,586000,604000,586000,595000,595000,94032
2022-11-08,601000,611000,587000,589000,589000,67018
2022-11-09,595000,625000,588000,620000,620000,127108
2022-11-10,612000,621000,602000,610000,610000,74563
2022-11-11,625000,631000,615000,622000,622000,77814
2022-11-14,616000,648000,616000,631000,631000,77517
2022-11-15,631000,642000,627000,634000,634000,64300
2022-11-16,631000,645000,623000,639000,639000,63982
2022-11-17,639000,645000,634000,642000,642000,46827
2022-11-18,642000,660000,640000,648000,648000,87093
2022-11-21,653000,653000,638000,648000,648000,60111
2022-11-22,646000,658000,643000,656000,656000,66695
2022-11-23,660000,685000,635000,658000,658000,185498
2022-11-24,657000,657000,615000,617000,617000,232559
2022-11-25,620000,658000,614000,657000,657000,560803
2022-11-28,664000,679000,645000,646000,646000,83413
2022-11-29,648000,648000,628000,633000,633000,62377
2022-11-30,635000,636000,613000,630000,630000,100737
2022-12-01,634000,635000,622000,627000,627000,81276
2022-12-02,628000,628000,610000,611000,611000,68968
2022-12-05,611000,614000,597000,603000,603000,71232
2022-12-06,590000,606000,587000,599000,599000,50897
2022-12-07,602000,612000,597000,605000,605000,44196
2022-12-08,601000,611000,601000,604000,604000,67100
2022-12-09,606000,610000,594000,602000,602000,51328
2022-12-12,607000,612000,599000,609000,609000,34210
2022-12-13,610000,612000,600000,608000,608000,27461
2022-12-14,614000,617000,605000,608000,608000,36225
2022-12-15,610000,610000,589000,591000,591000,55474
2022-12-16,592000,607000,592000,596000,596000,76786
2022-12-19,596000,596000,585000,587000,587000,34081
2022-12-20,588000,588000,575000,580000,580000,43145
2022-12-21,586000,587000,575000,578000,578000,28694
2022-12-22,579000,581000,571000,580000,580000,49030
2022-12-23,575000,579000,563000,571000,571000,64435
2022-12-26,571000,572000,560000,564000,564000,65509
2022-12-27,564000,570000,556000,565000,565000,101555
2022-12-28,554000,584000,545000,575000,575000,107613
2022-12-29,567000,575000,560000,564000,564000,48740
2023-01-02,563000,563000,536000,539000,539000,63376
2023-01-03,535000,539000,520000,526000,526000,66752
2023-01-04,522000,531000,520000,522000,522000,47819
2023-01-05,521000,523000,505000,518000,518000,83237
2023-01-06,512000,531000,512000,522000,522000,63028
2023-01-09,524000,548000,523000,546000,546000,50171
2023-01-10,547000,552000,539000,547000,547000,35360
2023-01-11,547000,548000,537000,547000,547000,38360
2023-01-12,550000,561000,549000,550000,550000,53804
2023-01-13,557000,569000,555000,559000,559000,48241
2023-01-16,560000,563000,555000,559000,559000,25805
2023-01-17,557000,557000,547000,550000,550000,32033
2023-01-18,547000,556000,545000,547000,547000,22074
2023-01-19,547000,562000,544000,555000,555000,42747
2023-01-20,555000,566000,554000,566000,566000,28155
2023-01-25,566000,571000,562000,564000,564000,26596
2023-01-26,565000,574000,561000,573000,573000,30583
2023-01-27,572000,576000,566000,570000,570000,31584
2023-01-30,569000,574000,562000,564000,564000,39673
2023-01-31,564000,564000,540000,541000,541000,74805
2023-02-01,543000,550000,539000,550000,550000,48584
2023-02-02,553000,558000,542000,544000,544000,35496
2023-02-03,542000,544000,528000,537000,537000,89837
2023-02-06,537000,545000,532000,533000,533000,47154
2023-02-07,533000,535000,528000,531000,531000,44967
2023-02-08,532000,538000,532000,536000,536000,27051
2023-02-09,536000,543000,535000,535000,535000,39178
2023-02-10,535000,543000,526000,542000,542000,43568
2023-02-13,543000,547000,530000,536000,536000,31726
2023-02-14,542000,542000,535000,538000,538000,22178
2023-02-15,535000,563000,534000,551000,551000,82439
2023-02-16,554000,557000,547000,553000,553000,40409
2023-02-17,552000,570000,547000,561000,561000,59557
2023-02-20,568000,582000,561000,579000,579000,85040
2023-02-21,581000,614000,579000,610000,610000,142333
2023-02-22,604000,618000,593000,609000,609000,129625
2023-02-23,607000,612000,594000,596000,596000,78527
2023-02-24,596000,601000,586000,588000,588000,49105
2023-02-27,584000,599000,580000,596000,596000,62765
2023-02-28,600000,602000,581000,584000,584000,51415
2023-03-02,584000,598000,583000,592000,592000,59919
2023-03-03,599000,601000,586000,591000,591000,36223
2023-03-06,595000,595000,578000,583000,583000,67570
2023-03-07,583000,592000,579000,586000,586000,43317
2023-03-08,578000,584000,554000,554000,554000,99234
2023-03-09,556000,559000,544000,544000,544000,76774
2023-03-10,535000,540000,527000,532000,532000,70330
2023-03-13,529000,547000,527000,545000,545000,61391
2023-03-14,543000,547000,531000,534000,534000,43267
2023-03-15,541000,550000,537000,542000,542000,30106
2023-03-16,537000,540000,529000,535000,535000,30929
2023-03-17,540000,541000,527000,527000,527000,58640
2023-03-20,529000,533000,524000,526000,526000,31771
2023-03-21,527000,539000,527000,534000,534000,26431
2023-03-22,543000,543000,534000,536000,536000,37916
2023-03-23,536000,545000,529000,540000,540000,37889
2023-03-24,538000,539000,525000,527000,527000,50967
2023-03-27,527000,533000,526000,527000,527000,32778
2023-03-28,527000,536000,527000,534000,534000,30046
2023-03-29,536000,541000,532000,533000,533000,32617
2023-03-30,534000,536000,528000,533000,533000,37620
2023-03-31,536000,564000,533000,553000,553000,92133
2023-04-03,553000,558000,543000,555000,555000,58113
2023-04-04,556000,561000,545000,548000,548000,40836
2023-04-05,547000,547000,529000,537000,537000,80396
2023-04-06,541000,541000,530000,531000,531000,41532
2023-04-07,531000,534000,526000,528000,528000,47257
2023-04-10,526000,548000,526000,535000,535000,80366
2023-04-11,538000,543000,530000,540000,540000,63097
2023-04-12,536000,554000,536000,544000,544000,57795
2023-04-13,540000,543000,533000,535000,535000,50562
2023-04-14,540000,552000,538000,547000,547000,63881
2023-04-17,550000,565000,545000,556000,556000,95022
2023-04-18,556000,556000,542000,546000,546000,48556
2023-04-19,545000,562000,545000,554000,554000,50918
2023-04-20,551000,552000,543000,548000,548000,39996
2023-04-21,545000,550000,539000,545000,545000,36243
2023-04-24,544000,545000,534000,537000,537000,35450
2023-04-25,537000,538000,518000,524000,524000,65584
2023-04-26,524000,524000,512000,518000,518000,31056
2023-04-27,521000,521000,510000,517000,517000,38266
2023-04-28,517000,521000,510000,513000,513000,110420
2023-05-02,513000,527000,512000,521000,521000,29444
2023-05-03,521000,523000,511000,512000,512000,28437
2023-05-04,510000,514000,504000,508000,508000,33640
2023-05-08,509000,515000,508000,509000,509000,30153
2023-05-09,513000,514000,507000,509000,509000,25769
2023-05-10,509000,509000,493500,494500,494500,74235
2023-05-11,497000,504000,496500,497500,497500,34969
2023-05-12,498500,498500,488500,491000,491000,44524
2023-05-15,488000,492500,482500,490500,490500,27510
2023-05-16,491500,495000,484500,487500,487500,32575
2023-05-17,483500,486000,481000,484000,484000,41334
2023-05-18,485000,493000,484000,491500,491500,27348
2023-05-19,491500,495500,487500,490000,490000,35084
2023-05-22,493000,498500,491500,497000,497000,29234
2023-05-23,497000,497500,493500,494000,494000,32644
2023-05-24,494000,496500,491500,492000,492000,21120
2023-05-25,490000,491500,482000,482500,482500,58702
2023-05-26,485500,487000,482000,484000,484000,37570
2023-05-30,485500,486000,471000,475000,475000,68237
2023-05-31,474500,484500,474500,480500,480500,166181
2023-06-01,481000,485000,471500,471500,471500,44538
2023-06-02,475000,484000,473000,483500,483500,49193
2023-06-05,484500,490500,484000,487000,487000,42861
2023-06-07,487500,491500,486500,488000,488000,37230
2023-06-08,492000,504000,489000,495500,495500,135138
2023-06-09,495500,498000,491500,496000,496000,45314
2023-06-12,499000,502000,495000,496500,496500,31931
2023-06-13,499000,499000,492000,492500,492500,36786
2023-06-14,492500,516000,492000,503000,503000,75007
2023-06-15,506000,506000,498500,504000,504000,39521
2023-06-16,508000,515000,505000,507000,507000,63319
2023-06-19,507000,510000,498000,501000,501000,39207
2023-06-20,500000,500000,492000,495500,495500,40999
2023-06-21,497500,497500,486000,489000,489000,44067
2023-06-22,489000,491500,485000,491500,491500,28297
2023-06-23,491000,493500,483000,486500,486500,39845
2023-06-26,486500,496000,486500,493000,493000,29114
2023-06-27,493000,498000,489500,494000,494000,32519
2023-06-28,495000,497000,480000,483500,483500,47063
2023-06-29,481500,488500,478500,478500,478500,28974
2023-06-30,479000,489500,478500,487500,487500,28542
2023-07-03,487000,495000,486500,490000,490000,43695
2023-07-04,487500,489500,474500,475000,475000,68259
2023-07-05,476500,477500,455000,465000,465000,94223
2023-07-06,465500,467500,461000,463000,463000,49469
2023-07-07,459000,459500,440000,444500,444500,107938
2023-07-10,443000,456000,442500,451500,451500,50320
2023-07-11,454000,456000,450000,455000,455000,27780
2023-07-12,456500,459500,451000,453500,453500,41795
2023-07-13,460000,470000,458500,462500,462500,56643
2023-07-14,470000,473000,465000,472500,472500,39282
2023-07-17,468000,472000,463500,464500,464500,24520
2023-07-18,466500,470000,461500,464000,464000,21012
2023-07-19,464000,468500,458500,462500,462500,34059
2023-07-20,456500,471500,451000,469000,469000,45321
2023-07-21,465000,467500,458000,466000,466000,28305
2023-07-24,464500,478500,458500,469500,469500,52367
2023-07-25,470500,541000,470500,538000,538000,296152
2023-07-26,550000,555000,497500,499000,499000,289277
2023-07-27,504000,513000,490000,491000,491000,91565
2023-07-28,487500,494500,485000,490000,490000,48477
2023-07-31,489500,495000,485000,494000,494000,61701
2023-08-01,494000,502000,488000,496500,496500,37702
2023-08-02,501000,520000,496000,497000,497000,69067
2023-08-03,495000,514000,494000,501000,501000,91613
2023-08-04,501000,505000,491500,494000,494000,30980
2023-08-07,491000,496500,488000,490000,490000,35380
2023-08-08,494500,509000,492000,505000,505000,63064
2023-08-09,502000,505000,493000,504000,504000,49417
2023-08-10,499500,506000,499000,500000,500000,28698
2023-08-11,500000,505000,497000,501000,501000,21746
2023-08-14,502000,503000,488000,488000,488000,29478
2023-08-16,488000,488500,471000,472500,472500,45180
2023-08-17,469500,474000,464000,472500,472500,29224
2023-08-18,470000,471000,461500,465500,465500,33098
2023-08-21,467500,474000,466500,468000,468000,20092
2023-08-22,464000,475000,464000,473500,473500,24243
2023-08-23,468500,475000,468500,470000,470000,17533
2023-08-24,474000,481000,467000,479000,479000,25221
2023-08-25,474500,506000,472500,499000,499000,73581
2023-08-28,508000,528000,505000,520000,520000,100670
2023-08-29,521000,523000,509000,515000,515000,43173
2023-08-30,521000,546000,512000,545000,545000,187242
2023-08-31,549000,549000,519000,527000,527000,229904
2023-09-01,523000,525000,507000,519000,519000,91767
2023-09-04,514000,548000,514000,541000,541000,97303
2023-09-05,541000,563000,537000,543000,543000,86970
2023-09-06,543000,548000,531000,544000,544000,65814
2023-09-07,541000,546000,525000,534000,534000,62435
2023-09-08,530000,548000,530000,540000,540000,54395
2023-09-11,541000,542000,534000,538000,538000,32133
2023-09-12,543000,543000,529000,534000,534000,40758
2023-09-13,533000,550000,526000,544000,544000,82186
2023-09-14,544000,546000,536000,542000,542000,46505
2023-09-15,543000,564000,540000,557000,557000,103703
2023-09-18,560000,564000,550000,552000,552000,40503
2023-09-19,552000,557000,545000,546000,546000,50312
2023-09-20,547000,552000,542000,546000,546000,24233
2023-09-21,542000,543000,521000,522000,522000,63671
2023-09-22,519000,527000,515000,523000,523000,27126
2023-09-25,527000,527000,516000,521000,521000,38333
2023-09-26,516000,518000,507000,515000,515000,38388
2023-09-27,508000,514000,501000,506000,506000,54024
2023-10-04,502000,502000,485000,487500,487500,60871
2023-10-05,489000,495500,483500,492500,492500,39095
2023-10-06,486500,492500,486000,488500,488500,47356
2023-10-10,498000,502000,485500,487000,487000,39955
2023-10-11,488500,490000,472000,482000,482000,139960
2023-10-12,482000,489000,482000,483500,483500,41431
2023-10-13,480000,486500,480000,484500,484500,22290
2023-10-16,484500,488500,475500,479500,479500,25216
2023-10-17,483000,488500,482000,487500,487500,26009
2023-10-18,487500,494000,484500,491000,491000,25553
2023-10-19,482500,491000,477000,483500,483500,32669
2023-10-20,477000,480000,471500,476500,476500,34760
2023-10-23,481000,481000,465500,467500,467500,28174
2023-10-24,469000,475000,460000,473000,473000,38585
2023-10-25,473000,483000,471000,476500,476500,37310
2023-10-26,476500,476500,461000,463500,463500,31070
2023-10-27,472000,472000,462000,466000,466000,28801
2023-10-30,466000,494000,465500,490000,490000,62167
2023-10-31,493000,493000,469000,469000,469000,103176
2023-11-01,469000,469500,443500,457000,457000,100035
2023-11-02,458500,473000,458000,465000,465000,45441
2023-11-03,472000,474000,465000,470500,470500,15541
2023-11-06,480000,493500,476000,493500,493500,44536
2023-11-07,487500,494500,483000,490000,490000,38827
2023-11-08,493500,494000,482000,487500,487500,19627
2023-11-09,483500,484500,471000,480000,480000,58719
2023-11-10,479000,482000,467000,479500,479500,44606
2023-11-13,486500,487500,476500,480500,480500,25288
2023-11-14,485000,485500,477500,480000,480000,24687
2023-11-15,490000,490500,483000,489000,489000,32065
2023-11-16,490500,492000,480500,483500,483500,33083
2023-11-17,486000,493000,481500,488500,488500,30005
2023-11-20,488500,499000,488000,496500,496500,32818
2023-11-21,499500,499500,492500,495000,495000,28094
2023-11-22,490500,497500,490000,497000,497000,24860
2023-11-23,495000,496500,491000,491500,491500,19209
2023-11-24,492000,495500,491000,491500,491500,18409
2023-11-27,494500,495000,486500,489000,489000,16670
2023-11-28,493500,494000,487000,494000,494000,22088
2023-11-29,490500,494000,488000,493000,493000,19638
2023-11-30,493000,495000,490000,491500,491500,40313
2023-12-01,490000,507000,488000,497000,497000,36917
2023-12-04,512000,536000,509000,518000,518000,135724
2023-12-05,521000,534000,515000,526000,526000,77431
2023-12-06,529000,541000,526000,530000,530000,76595
2023-12-07,522000,534000,516000,522000,522000,49622
2023-12-08,526000,528000,488500,498500,498500,117712
2023-12-11,498500,499000,482500,484000,484000,85899
2023-12-12,487500,493000,484500,485500,485500,55503
2023-12-13,487500,491000,485000,485000,485000,32796
2023-12-14,490000,492500,485500,487500,487500,51684
2023-12-15,490000,502000,488000,495000,495000,77231
2023-12-18,496000,503000,494000,497500,497500,24146
2023-12-19,497500,499500,493000,495500,495500,21654
2023-12-20,498500,501000,496500,501000,501000,27297
2023-12-21,497000,500000,496500,500000,500000,19943
2023-12-22,503000,503000,498500,501000,501000,18099
2023-12-26,501000,504000,498500,500000,500000,30693
2023-12-27,494500,496000,491500,495500,495500,32568
2023-12-28,497500,498000,495000,498000,498000,33799
2024-01-02,495500,496000,485000,486000,486000,45613
2024-01-03,486000,486000,477000,477000,477000,34714
2024-01-04,477000,486000,475000,484500,484500,28314
2024-01-05,483500,490000,480000,487500,487500,28269
2024-01-08,496000,496500,483000,487000,487000,23482
2024-01-09,492500,492500,487000,487500,487500,18741
2024-01-10,487500,490000,480500,480500,480500,14801
2024-01-11,483500,484000,472500,472500,472500,30504
2024-01-12,473500,475000,467500,470000,470000,21778
2024-01-15,470500,473500,467500,470000,470000,14006
2024-01-16,470000,470500,464000,464000,464000,22231
2024-01-17,465500,465500,451500,451500,451500,40446
2024-01-18,450000,458500,450000,450500,450500,21743
2024-01-19,452500,461500,452000,458000,458000,33744
2024-01-22,461000,462000,456500,457500,457500,11937
2024-01-23,458000,460000,455000,460000,460000,14230
2024-01-24,458000,463500,457000,460500,460500,22656
2024-01-25,460000,461000,452000,460500,460500,31543
2024-01-26,456500,464000,456500,462000,462000,30625
2024-01-29,464000,472000,461000,467000,467000,37892
2024-01-30,471000,476000,470000,470000,470000,29075
2024-01-31,470000,473500,465000,473500,473500,47562
2024-02-01,467500,477500,466000,475000,475000,26449
2024-02-02,475000,478500,471000,475500,475500,32668
2024-02-05,472500,474000,461000,471000,471000,36209
2024-02-06,466500,473000,461500,462000,462000,38871
2024-02-07,467000,475000,462000,471500,471500,33936
2024-02-08,472000,473000,466500,466500,466500,42194
2024-02-13,471000,474000,467000,473000,473000,31850
2024-02-14,467000,470500,458500,460500,460500,42875
2024-02-15,465000,465000,459500,461500,461500,22052
2024-02-16,464500,467000,462000,464500,464500,34540
2024-02-19,464500,469000,463000,468500,468500,21905
2024-02-20,467500,468000,459000,460000,460000,47945
2024-02-21,464000,475000,463000,467000,467000,46560
2024-02-22,472000,472000,460000,461000,461000,41962
2024-02-23,462000,466000,461000,463500,463500,28725
2024-02-26,465500,465500,458500,459000,459000,24209
2024-02-27,460000,460000,455000,457000,457000,26910
2024-02-28,459000,460500,457000,458000,458000,18869
2024-02-29,456000,459500,447500,447500,447500,66052
2024-03-04,452000,452500,445500,445500,445500,35213
2024-03-05,443500,448000,443500,443500,443500,32511
2024-03-06,443500,443500,435000,436000,436000,60208
2024-03-07,437000,446500,435000,444500,444500,33912
2024-03-08,449500,457500,448000,457000,457000,50275
2024-03-11,455000,456500,448000,451000,451000,24653
2024-03-12,454000,455000,449000,454500,454500,20019
2024-03-13,456500,456500,450000,450000,450000,20244
2024-03-14,454500,462000,452000,454500,454500,61813
2024-03-15,450000,453500,447500,450500,450500,31683
2024-03-18,454000,457000,450500,452500,452500,28837
2024-03-19,447500,452000,444000,448000,448000,33604
2024-03-20,451500,451500,437000,439500,439500,48666
2024-03-21,443500,446000,439500,441500,441500,40778
2024-03-22,438000,443000,437500,440000,440000,34873
2024-03-25,452000,474000,452000,456000,456000,132867
2024-03-26,458000,460000,450000,450000,450000,44288
2024-03-27,449500,466500,449000,460000,460000,54622
2024-03-28,459000,459000,453500,454500,454500,27768
2024-03-29,454500,456000,450000,452000,452000,21866
2024-04-01,458000,458000,450000,451000,451000,26228
2024-04-02,447500,452500,446500,446500,446500,26251
2024-04-03,446000,446000,441000,444000,444000,25399
2024-04-04,450500,463500,448000,463000,463000,60679
2024-04-05,458000,460500,453000,460000,460000,29469
2024-04-08,466000,466500,451000,461000,461000,34242
2024-04-09,461500,471500,461000,469000,469000,56063
2024-04-11,463000,474500,462000,472000,472000,52019
2024-04-12,472000,474500,466500,470500,470500,41851
2024-04-15,470000,486500,463000,485000,485000,99807
2024-04-16,486000,497500,478500,480500,480500,89420
2024-04-17,480500,485000,475000,477500,477500,36445
2024-04-18,484500,488000,467000,472000,472000,53649
2024-04-19,467000,474500,463500,472000,472000,37022
2024-04-22,476500,477000,468000,471000,471000,31964
2024-04-23,467500,471500,460500,461500,461500,39719
2024-04-24,462500,464500,453000,455500,455500,54268
2024-04-25,454500,456500,450500,452500,452500,27363
2024-04-26,455500,456000,451500,454500,454500,16392
2024-04-29,457500,467500,457000,466500,466500,39978
2024-04-30,465500,468000,461000,463500,463500,58892
2024-05-02,462000,465500,459500,460000,460000,21072
2024-05-03,464000,465000,460000,463000,463000,16896
2024-05-07,471500,482000,467000,473000,473000,53299
2024-05-08,478500,493000,478500,493000,493000,111917
2024-05-09,491500,499000,488500,495000,495000,72617
2024-05-10,499500,500000,489000,496500,496500,37092
2024-05-13,496500,499000,491500,494000,494000,28340
2024-05-14,496500,497000,488500,489500,489500,25335
2024-05-16,496500,515000,491000,514000,514000,99305
2024-05-17,508000,518000,502000,512000,512000,55049
2024-05-20,520000,535000,519000,528000,528000,108569
2024-05-21,535000,546000,530000,537000,537000,110663
2024-05-22,536000,538000,525000,529000,529000,50869
2024-05-23,515000,520000,501000,514000,514000,83726
2024-05-24,507000,518000,504000,514000,514000,47369
2024-05-27,513000,521000,503000,520000,520000,42071
2024-05-28,520000,524000,511000,511000,511000,33423
2024-05-29,511000,527000,511000,522000,522000,66917
2024-05-30,513000,524000,513000,517000,517000,39333
2024-05-31,522000,527000,510000,527000,527000,57047
2024-06-03,521000,521000,495000,498000,498000,78559
2024-06-04,494000,504000,488000,502000,502000,51969
2024-06-05,497000,501000,487500,489000,489000,41943
2024-06-07,489000,501000,489000,499000,499000,34937
2024-06-10,492500,497000,487500,488000,488000,45829
2024-06-11,490000,504000,489000,498000,498000,34609
2024-06-12,496500,500000,488500,491000,491000,19361
2024-06-13,491500,498000,487500,487500,487500,49707
2024-06-14,485500,489500,478500,479500,479500,35740
2024-06-17,481000,485500,480500,482500,482500,32092
2024-06-18,487000,494000,484500,488500,488500,36716
2024-06-19,493000,497500,490500,496000,496000,26658
2024-06-20,494000,500000,493000,496000,496000,30078
2024-06-21,497500,504000,495500,498000,498000,35373
2024-06-24,496500,504000,492000,492000,492000,15181
2024-06-25,503000,517000,501000,510000,510000,48623
2024-06-26,512000,528000,506000,525000,525000,72118
2024-06-27,517000,522000,511000,518000,518000,48998
2024-06-28,518000,518000,506000,515000,515000,37509
2024-07-01,510000,515000,503000,511000,511000,20207
2024-07-02,508000,532000,507000,522000,522000,75038
2024-07-03,527000,532000,516000,518000,518000,46231
2024-07-04,524000,535000,521000,534000,534000,46937
2024-07-05,532000,538000,528000,532000,532000,33160
2024-07-08,530000,538000,525000,530000,530000,27214
2024-07-09,530000,537000,525000,532000,532000,23848
2024-07-10,529000,533000,527000,530000,530000,23621
2024-07-11,534000,539000,527000,539000,539000,40288
2024-07-12,542000,543000,534000,541000,541000,28966
2024-07-15,545000,549000,532000,533000,533000,32335
2024-07-16,534000,539000,530000,533000,533000,25001
2024-07-17,535000,537000,531000,537000,537000,24493
2024-07-18,540000,540000,515000,518000,518000,26690
2024-07-19,511000,523000,504000,520000,520000,25056
2024-07-22,522000,522000,513000,514000,514000,18131
2024-07-23,514000,518000,504000,505000,505000,23059
2024-07-24,501000,503000,489000,490500,490500,39077
2024-07-25,493500,494000,484500,488500,488500,30020
2024-07-26,486500,499000,486500,495000,495000,21787
2024-07-29,493000,499000,486500,495000,495000,28747
2024-07-30,487500,493500,483000,485000,485000,29759
2024-07-31,485000,491000,483000,484000,484000,53040
2024-08-01,488500,506000,486500,489000,489000,53024
2024-08-02,483000,487000,480000,482000,482000,22693
2024-08-05,478000,478000,445000,454500,454500,45968
2024-08-06,475000,478500,460000,467500,467500,37870
2024-08-07,461000,510000,456000,508000,508000,82476
2024-08-08,508000,522000,501000,515000,515000,88941
2024-08-09,514000,521000,507000,514000,514000,38910
2024-08-12,519000,522000,512000,518000,518000,25981
2024-08-13,516000,520000,503000,510000,510000,40307
2024-08-14,512000,516000,506000,512000,512000,29548
2024-08-16,520000,521000,514000,519000,519000,32779
2024-08-19,519000,533000,519000,526000,526000,33583
2024-08-20,528000,534000,526000,532000,532000,28667
2024-08-21,533000,538000,529000,533000,533000,25182
2024-08-22,535000,537000,531000,535000,535000,20717
2024-08-23,536000,539000,533000,534000,534000,23430
2024-08-26,536000,545000,536000,542000,542000,37039
2024-08-27,545000,550000,540000,545000,545000,46150
2024-08-28,545000,557000,536000,539000,539000,33335
2024-08-29,544000,551000,537000,547000,547000,32828
2024-08-30,550000,552000,531000,535000,535000,40374
2024-09-02,533000,544000,526000,542000,542000,25359
2024-09-03,542000,555000,541000,548000,548000,25807
2024-09-04,543000,547000,534000,535000,535000,22540
2024-09-05,537000,545000,531000,539000,539000,27951
2024-09-06,544000,551000,529000,531000,531000,20376
2024-09-09,524000,534000,517000,529000,529000,21950
2024-09-10,531000,540000,525000,535000,535000,26124
2024-09-11,540000,555000,537000,548000,548000,63819
2024-09-12,549000,556000,522000,556000,556000,87429
2024-09-13,660000,690000,655000,666000,666000,586718
2024-09-19,679000,720000,667000,707000,707000,518279
2024-09-20,720000,753000,711000,735000,735000,386546
2024-09-23,723000,737000,694000,723000,723000,285986
2024-09-24,710000,715000,682000,699000,699000,205327
2024-09-25,699000,719000,691000,704000,704000,186765
2024-09-26,745000,747000,703000,713000,713000,394552
2024-09-27,718000,723000,706000,711000,711000,210122
2024-09-30,706000,712000,671000,688000,688000,321148
2024-10-02,677000,740000,664000,713000,713000,786261
2024-10-04,751000,791000,748000,776000,776000,1230027
2024-10-07,777000,783000,777000,780000,780000,153199
2024-10-08,778000,778000,752000,776000,776000,116604
2024-10-10,761000,789000,761000,789000,789000,182312
2024-10-11,797000,801000,769000,794000,794000,350083
2024-10-14,800000,820000,779000,793000,793000,392948
2024-10-15,803000,831000,797000,817000,817000,254564
2024-10-16,820000,821000,803000,809000,809000,138790
2024-10-17,814000,815000,783000,794000,794000,179005
2024-10-18,799000,838000,798000,824000,824000,266287
2024-10-21,827000,889000,761000,877000,877000,638694
2024-10-22,868000,876000,852000,874000,874000,104732
2024-10-23,870000,886000,869000,876000,876000,105190
2024-10-24,857000,1138000,856000,1138000,1138000,140997
2024-10-25,1251000,1470000,1180000,1253000,1253000,344643
2024-10-28,1300000,1400000,1201000,1301000,1301000,123538
2024-10-29,1335000,1543000,1319000,1543000,1543000,119585
2024-10-30,1486000,1519000,1081000,1081000,1081000,225350
2024-10-31,864000,1084000,830000,998000,998000,659633
2024-11-01,1009000,1070000,970000,1004000,1004000,149652
2024-11-04,1011000,1106000,991000,1085000,1085000,105027
2024-11-05,1099000,1293000,1099000,1257000,1257000,151402
2024-11-06,1280000,1327000,1156000,1230000,1230000,112650
2024-11-07,1194000,1288000,1194000,1246000,1246000,48284
2024-11-08,1258000,1266000,1023000,1146000,1146000,94253
2024-11-11,1070000,1167000,971000,1125000,1125000,69400
2024-11-12,1104000,1197000,1070000,1142000,1142000,59200
2024-11-13,1160000,1215000,935000,981000,981000,123586
2024-11-14,951000,1070000,934000,1025000,1025000,179519
2024-11-15,1035000,1053000,999000,1033000,1033000,35889
2024-11-18,1020000,1024000,982000,1006000,1006000,33717
2024-11-19,997000,1017000,978000,1002000,1002000,31577
2024-11-20,990000,1012000,982000,1008000,1008000,19015
2024-11-21,988000,1003000,951000,957000,957000,35899
2024-11-22,970000,970000,912000,946000,946000,29699
2024-11-25,940000,940000,898000,903000,903000,80832
2024-11-26,894000,944000,894000,941000,941000,37844
2024-11-27,937000,1033000,937000,1019000,1019000,52667
2024-11-28,1029000,1205000,1029000,1143000,1143000,86833
2024-11-29,1154000,1218000,1149000,1180000,1180000,49097
2024-12-02,1235000,1534000,1228000,1411000,1411000,133739
2024-12-03,1450000,1642000,1420000,1542000,1542000,116463
2024-12-04,1604000,1720000,1580000,1671000,1671000,85292
2024-12-05,1731000,2000000,1711000,2000000,2000000,95215
2024-12-06,2124000,2407000,1736000,1813000,1813000,250745
2024-12-09,1845000,1930000,1475000,1535000,1535000,125038
2024-12-10,1511000,1664000,1446000,1532000,1532000,109717
2024-12-11,1534000,1565000,1400000,1402000,1402000,73976
2024-12-12,1370000,1397000,1283000,1361000,1361000,176712
2024-12-13,1345000,1372000,1222000,1225000,1225000,86832
2024-12-16,1221000,1260000,1165000,1166000,1166000,61990
2024-12-17,1167000,1195000,1100000,1112000,1112000,51803
2024-12-18,1123000,1136000,1066000,1066000,1066000,51163
2024-12-19,1055000,1107000,1020000,1066000,1066000,51230
2024-12-20,1020000,1024000,990000,991000,991000,158689
2024-12-23,992000,1126000,982000,1102000,1102000,87083
2024-12-24,1128000,1155000,1044000,1134000,1134000,91935
2024-12-26,1139000,1260000,1138000,1219000,1219000,98562
2024-12-27,1220000,1228000,1027000,1027000,1027000,61976
2024-12-30,1025000,1095000,1002000,1006000,1006000,52413
2025-01-02,1019000,1030000,951000,957000,957000,38685
2025-01-03,957000,981000,939000,948000,948000,36677
2025-01-06,950000,959000,917000,931000,931000,41820
2025-01-07,931000,946000,926000,932000,932000,29194
2025-01-08,925000,927000,890000,902000,902000,47658
2025-01-09,900000,929000,886000,927000,927000,84336
2025-01-10,918000,924000,870000,875000,875000,37499
2025-01-13,876000,881000,833000,843000,843000,41320
2025-01-14,843000,845000,816000,837000,837000,37257
2025-01-15,841000,843000,817000,829000,829000,30666
2025-01-16,830000,834000,808000,817000,817000,30081
2025-01-17,809000,863000,808000,840000,840000,68053
2025-01-20,860000,927000,826000,830000,830000,107580
2025-01-21,843000,851000,759000,759000,759000,57771
2025-01-22,755000,779000,739000,759000,759000,83884
2025-01-23,775000,780000,749000,757000,757000,58612
2025-01-24,767000,862000,754000,845000,845000,98923
2025-01-31,860000,861000,810000,824000,824000,35526
2025-02-03,807000,808000,777000,789000,789000,21922
2025-02-04,786000,812000,782000,799000,799000,34134
2025-02-05,798000,811000,787000,795000,795000,21145
2025-02-06,803000,811000,783000,790000,790000,23450
2025-02-07,788000,797000,780000,784000,784000,23523
2025-02-10,785000,785000,751000,760000,760000,22697
2025-02-11,761000,800000,760000,789000,789000,25561
2025-02-12,798000,825000,786000,790000,790000,35715
2025-02-13,800000,800000,760000,778000,778000,78016
2025-02-14,780000,804000,765000,796000,796000,20623
2025-02-17,806000,836000,795000,813000,813000,33415
2025-02-18,821000,832000,806000,814000,814000,29635
2025-02-19,812000,849000,811000,840000,840000,35828
2025-02-20,831000,842000,815000,840000,840000,22223
2025-02-21,850000,850000,798000,816000,816000,30336
2025-02-24,821000,825000,808000,817000,817000,17193
2025-02-25,809000,809000,772000,775000,775000,24858
2025-02-26,779000,784000,766000,782000,782000,15604
2025-02-27,778000,782000,761000,774000,774000,15206
2025-02-28,769000,769000,742000,743000,743000,89630
2025-03-04,733000,755000,711000,739000,739000,15249
2025-03-05,740000,748000,722000,727000,727000,20488
2025-03-06,727000,728000,706000,720000,720000,24579
2025-03-07,718000,733000,696000,726000,726000,21638
2025-03-10,731000,856000,730000,829000,829000,137345
2025-03-11,817000,899000,794000,845000,845000,125763
2025-03-12,833000,1070000,810000,1065000,1065000,172603
2025-03-13,1059000,1090000,955000,955000,955000,164139
2025-03-14,935000,991000,910000,913000,913000,73364
2025-03-17,924000,948000,878000,893000,893000,42153
2025-03-18,894000,910000,875000,882000,882000,20798
2025-03-19,882000,891000,820000,827000,827000,45865
2025-03-20,827000,870000,820000,847000,847000,44889
2025-03-21,848000,855000,805000,848000,848000,101574
2025-03-24,840000,848000,819000,819000,819000,13716
2025-03-25,821000,830000,818000,824000,824000,14056
2025-03-26,830000,869000,823000,849000,849000,20260
2025-03-27,853000,871000,807000,839000,839000,29255
2025-03-28,849000,900000,740000,766000,766000,65745
2025-03-31,770000,791000,748000,778000,778000,19946
2025-04-01,785000,791000,766000,772000,772000,15174
2025-04-02,773000,779000,731000,742000,742000,25576
2025-04-03,710000,725000,701000,711000,711000,24323
2025-04-04,701000,709000,682000,705000,705000,16832
2025-04-07,666000,692000,655000,673000,673000,17115
2025-04-08,674000,691000,655000,666000,666000,17415
2025-04-09,659000,673000,643000,653000,653000,16913
2025-04-10,674000,700000,666000,700000,700000,38375
2025-04-11,687000,687000,663000,683000,683000,16425
2025-04-14,685000,738000,682000,682000,682000,19448
2025-04-15,691000,698000,678000,694000,694000,8649
2025-04-16,695000,698000,680000,691000,691000,7088
2025-04-17,691000,698000,683000,690000,690000,7972
2025-04-18,688000,690000,677000,679000,679000,9254
2025-04-21,680000,688000,675000,684000,684000,7275
2025-04-22,684000,713000,675000,712000,712000,21301
2025-04-23,725000,741000,690000,706000,706000,14436
2025-04-24,698000,724000,696000,721000,721000,13628
2025-04-25,721000,734000,712000,714000,714000,10879
2025-04-28,715000,791000,715000,772000,772000,44378
2025-04-29,800000,800000,773000,786000,786000,23178
2025-04-30,765000,809000,765000,798000,798000,51452
2025-05-02,797000,802000,773000,783000,783000,16028
2025-05-07,806000,808000,766000,771000,771000,24904
2025-05-08,771000,799000,771000,791000,791000,33467
2025-05-09,808000,883000,803000,848000,848000,52765
2025-05-12,872000,880000,847000,858000,858000,17236
2025-05-13,839000,840000,815000,818000,818000,15563
2025-05-14,825000,840000,802000,839000,839000,11602
2025-05-15,825000,834000,815000,815000,815000,8695
2025-05-16,823000,825000,810000,821000,821000,7841
2025-05-19,813000,822000,783000,794000,794000,13147
2025-05-20,798000,807000,788000,796000,796000,9532
2025-05-21,799000,816000,790000,797000,797000,9676
2025-05-22,790000,796000,773000,780000,780000,12170
2025-05-23,774000,780000,765000,778000,778000,11378
2025-05-26,767000,784000,765000,776000,776000,12703
2025-05-27,769000,769000,736000,743000,743000,21940
2025-05-28,736000,752000,725000,748000,748000,20546
2025-05-29,754000,760000,741000,750000,750000,14172
2025-05-30,743000,748000,728000,731000,731000,28870
2025-06-02,731000,739000,718000,730000,730000,16607
2025-06-04,730000,775000,727000,770000,770000,28116
2025-06-05,753000,770000,753000,758000,758000,17348
2025-06-09,759000,778000,758000,770000,770000,22599
2025-06-10,763000,770000,755000,765000,765000,17839
2025-06-11,761000,774000,757000,761000,761000,15543
2025-06-12,753000,783000,753000,783000,783000,41648
2025-06-13,776000,793000,767000,788000,788000,20653
2025-06-16,796000,797000,764000,794000,794000,22924
2025-06-17,812000,870000,804000,836000,836000,35024
2025-06-18,845000,854000,821000,836000,836000,22302
2025-06-19,843000,851000,811000,833000,833000,20348
2025-06-20,830000,830000,809000,816000,816000,161186
2025-06-23,836000,848000,817000,818000,818000,33411
2025-06-24,823000,828000,811000,819000,819000,18255
2025-06-25,814000,815000,790000,790000,790000,25148
2025-06-26,794000,798000,782000,793000,793000,17555
2025-06-27,798000,909000,790000,844000,844000,81564
2025-06-30,835000,844000,805000,819000,819000,33087
2025-07-01,821000,846000,809000,809000,809000,17438
2025-07-02,804000,821000,798000,820000,820000,19863
2025-07-03,816000,828000,814000,821000,821000,14493
2025-07-04,821000,824000,798000,799000,799000,12266
2025-07-07,810000,833000,785000,826000,826000,15009
2025-07-08,834000,889000,825000,879000,879000,35979
2025-07-09,875000,885000,849000,853000,853000,19196
2025-07-10,850000,858000,845000,849000,849000,20352
2025-07-11,845000,866000,843000,854000,854000,10727
2025-07-14,847000,856000,837000,853000,853000,11964
2025-07-15,845000,855000,831000,840000,840000,14431
2025-07-16,834000,843000,820000,820000,820000,18924
2025-07-17,826000,826000,811000,825000,825000,15276
2025-07-18,820000,830000,802000,809000,809000,14536
2025-07-21,810000,835000,810000,834000,834000,15884
2025-07-22,826000,838000,824000,834000,834000,10827
2025-07-23,839000,843000,818000,826000,826000,12124
2025-07-24,822000,830000,814000,816000,816000,11770
2025-07-25,808000,825000,807000,817000,817000,5677
2025-07-28,817000,832000,811000,815000,815000,7890
2025-07-29,807000,811000,797000,800000,800000,15832
2025-07-30,815000,865000,811000,833000,833000,47615
2025-07-31,825000,825000,796000,800000,800000,39770
2025-08-01,793000,800000,759000,759000,759000,30162
2025-08-04,768000,768000,745000,759000,759000,9837
2025-08-05,766000,791000,762000,763000,763000,10756
2025-08-06,761000,776000,760000,767000,767000,10379
2025-08-07,772000,821000,765000,815000,815000,45731
2025-08-08,807000,807000,787000,790000,790000,12622
2025-08-11,800000,800000,788000,796000,796000,9431
2025-08-12,792000,804000,775000,775000,775000,12401
2025-08-13,775000,795000,774000,795000,795000,10529
2025-08-14,793000,807000,792000,807000,807000,18932
2025-08-18,799000,805000,782000,782000,782000,11537
2025-08-19,793000,793000,781000,786000,786000,7087
2025-08-20,793000,793000,771000,786000,786000,7963
2025-08-21,786000,807000,784000,788000,788000,10745
2025-08-22,800000,844000,799000,811000,811000,41408
2025-08-25,814000,820000,808000,817000,817000,15127
2025-08-26,834000,857000,780000,792000,792000,66805
2025-08-27,802000,814000,794000,809000,809000,21125
2025-08-28,809000,819000,800000,804000,804000,10328
2025-08-29,808000,832000,798000,821000,821000,22715
2025-09-01,822000,827000,807000,816000,816000,11084
2025-09-02,816000,836000,816000,824000,824000,18679
2025-09-03,825000,900000,825000,900000,900000,72546
2025-09-04,889000,910000,881000,902000,902000,25561
2025-09-05,893000,903000,883000,901000,901000,16261
2025-09-08,900000,903000,877000,891000,891000,12796
2025-09-09,899000,899000,880000,891000,891000,11992
2025-09-10,886000,899000,884000,893000,893000,15629
2025-09-11,888000,930000,887000,914000,914000,44933
2025-09-12,925000,1060000,916000,1042000,1042000,56037
2025-09-15,1095000,1104000,1028000,1053000,1053000,35289
2025-09-16,1043000,1049000,1021000,1027000,1027000,15715
2025-09-17,1027000,1033000,1005000,1013000,1013000,12934
